caseprovinceid,casedate,totalcases,numberdeaths
59,2020-02-01,1,0
48,2020-02-01,0,0
47,2020-02-01,0,0
46,2020-02-01,0,0
35,2020-02-01,3,0
24,2020-02-01,0,0
10,2020-02-01,0,0
13,2020-02-01,0,0
12,2020-02-01,0,0
11,2020-02-01,0,0
60,2020-02-01,0,0
61,2020-02-01,0,0
62,2020-02-01,0,0
99,2020-02-01,0,0
1,2020-02-01,4,0
59,2020-02-08,4,0
48,2020-02-08,0,0
47,2020-02-08,0,0
46,2020-02-08,0,0
35,2020-02-08,3,0
24,2020-02-08,0,0
10,2020-02-08,0,0
13,2020-02-08,0,0
12,2020-02-08,0,0
11,2020-02-08,0,0
60,2020-02-08,0,0
61,2020-02-08,0,0
62,2020-02-08,0,0
99,2020-02-08,0,0
1,2020-02-08,7,0
59,2020-02-15,4,0
48,2020-02-15,0,0
47,2020-02-15,0,0
46,2020-02-15,0,0
35,2020-02-15,3,0
24,2020-02-15,0,0
10,2020-02-15,0,0
13,2020-02-15,0,0
12,2020-02-15,0,0
11,2020-02-15,0,0
60,2020-02-15,0,0
61,2020-02-15,0,0
62,2020-02-15,0,0
99,2020-02-15,0,0
1,2020-02-15,7,0
59,2020-02-22,6,0
48,2020-02-22,0,0
47,2020-02-22,0,0
46,2020-02-22,0,0
35,2020-02-22,3,0
24,2020-02-22,0,0
10,2020-02-22,0,0
13,2020-02-22,0,0
12,2020-02-22,0,0
11,2020-02-22,0,0
60,2020-02-22,0,0
61,2020-02-22,0,0
62,2020-02-22,0,0
99,2020-02-22,0,0
1,2020-02-22,9,0
59,2020-02-29,7,0
48,2020-02-29,0,0
47,2020-02-29,0,0
46,2020-02-29,0,0
35,2020-02-29,8,0
24,2020-02-29,0,0
10,2020-02-29,0,0
13,2020-02-29,0,0
12,2020-02-29,0,0
11,2020-02-29,0,0
60,2020-02-29,0,0
61,2020-02-29,0,0
62,2020-02-29,0,0
99,2020-02-29,0,0
1,2020-02-29,15,0
59,2020-03-07,27,0
48,2020-03-07,2,0
47,2020-03-07,0,0
46,2020-03-07,0,0
35,2020-03-07,28,0
24,2020-03-07,1,0
10,2020-03-07,0,0
13,2020-03-07,0,0
12,2020-03-07,0,0
11,2020-03-07,0,0
60,2020-03-07,0,0
61,2020-03-07,0,0
62,2020-03-07,0,0
99,2020-03-07,0,0
1,2020-03-07,58,0
59,2020-03-14,64,1
48,2020-03-14,56,0
47,2020-03-14,2,0
46,2020-03-14,4,0
35,2020-03-14,79,0
24,2020-03-14,7,0
10,2020-03-14,0,0
13,2020-03-14,2,0
12,2020-03-14,2,0
11,2020-03-14,1,0
60,2020-03-14,0,0
61,2020-03-14,0,0
62,2020-03-14,0,0
99,2020-03-14,2,0
1,2020-03-14,219,1
59,2020-03-21,424,10
48,2020-03-21,244,1
47,2020-03-21,44,0
46,2020-03-21,19,0
35,2020-03-21,377,0
24,2020-03-21,288,5
10,2020-03-21,6,0
13,2020-03-21,17,0
12,2020-03-21,30,0
11,2020-03-21,2,0
60,2020-03-21,1,0
61,2020-03-21,1,0
62,2020-03-21,0,0
99,2020-03-21,13,0
1,2020-03-21,1466,16
59,2020-03-28,884,16
48,2020-03-28,665,1
47,2020-03-28,134,0
46,2020-03-28,64,1
35,2020-03-28,993,0
24,2020-03-28,2368,44
10,2020-03-28,120,0
13,2020-03-28,51,0
12,2020-03-28,102,0
11,2020-03-28,13,0
60,2020-03-28,4,0
61,2020-03-28,1,0
62,2020-03-28,0,0
99,2020-03-28,13,0
1,2020-03-28,5412,62
59,2020-04-04,1203,38
48,2020-04-04,1231,23
47,2020-04-04,231,3
46,2020-04-04,194,2
35,2020-04-04,3630,94
24,2020-04-04,6749,203
10,2020-04-04,195,1
13,2020-04-04,98,0
12,2020-04-04,246,0
11,2020-04-04,22,0
60,2020-04-04,6,0
61,2020-04-04,4,0
62,2020-04-04,0,0
99,2020-04-04,13,0
1,2020-04-04,13822,364
59,2020-04-11,1445,58
48,2020-04-11,1551,45
47,2020-04-11,289,4
46,2020-04-11,242,4
35,2020-04-11,6648,252
24,2020-04-11,11263,622
10,2020-04-11,241,2
13,2020-04-11,112,0
12,2020-04-11,422,2
11,2020-04-11,24,0
60,2020-04-11,8,0
61,2020-04-11,5,0
62,2020-04-11,0,0
99,2020-04-11,13,0
1,2020-04-11,22263,989
59,2020-04-18,1618,78
48,2020-04-18,2492,57
47,2020-04-18,313,4
46,2020-04-18,253,5
35,2020-04-18,10010,511
24,2020-04-18,17262,1275
10,2020-04-18,256,3
13,2020-04-18,118,0
12,2020-04-18,650,7
11,2020-04-18,26,0
60,2020-04-18,10,0
61,2020-04-18,5,0
62,2020-04-18,0,0
99,2020-04-18,13,0
1,2020-04-18,33026,1940
59,2020-04-25,1948,100
48,2020-04-25,4228,84
47,2020-04-25,349,4
46,2020-04-25,267,6
35,2020-04-25,13995,807
24,2020-04-25,22279,2092
10,2020-04-25,257,3
13,2020-04-25,118,0
12,2020-04-25,849,20
11,2020-04-25,27,0
60,2020-04-25,11,0
61,2020-04-25,5,0
62,2020-04-25,0,0
99,2020-04-25,13,0
1,2020-04-25,44346,3116
59,2020-05-02,2171,114
48,2020-05-02,5563,104
47,2020-05-02,421,6
46,2020-05-02,280,6
35,2020-05-02,17119,1166
24,2020-05-02,27644,2983
10,2020-05-02,259,3
13,2020-05-02,118,0
12,2020-05-02,961,34
11,2020-05-02,27,0
60,2020-05-02,11,0
61,2020-05-02,5,0
62,2020-05-02,0,0
99,2020-05-02,13,0
1,2020-05-02,54592,4416
59,2020-05-09,2330,129
48,2020-05-09,6087,117
47,2020-05-09,553,6
46,2020-05-09,284,7
35,2020-05-09,19944,1585
24,2020-05-09,32751,3667
10,2020-05-09,260,3
13,2020-05-09,120,0
12,2020-05-09,1009,45
11,2020-05-09,27,0
60,2020-05-09,11,0
61,2020-05-09,5,0
62,2020-05-09,0,0
99,2020-05-09,13,0
1,2020-05-09,63394,5559
59,2020-05-16,2428,141
48,2020-05-16,6525,128
47,2020-05-16,591,6
46,2020-05-16,289,7
35,2020-05-16,22313,1842
24,2020-05-16,37435,4254
10,2020-05-16,260,3
13,2020-05-16,120,0
12,2020-05-16,1036,53
11,2020-05-16,27,0
60,2020-05-16,11,0
61,2020-05-16,5,0
62,2020-05-16,0,0
99,2020-05-16,13,0
1,2020-05-16,71053,6434
59,2020-05-23,2517,157
48,2020-05-23,6768,139
47,2020-05-23,630,7
46,2020-05-23,292,7
35,2020-05-23,25040,2028
24,2020-05-23,41559,4712
10,2020-05-23,260,3
13,2020-05-23,121,0
12,2020-05-23,1049,57
11,2020-05-23,27,0
60,2020-05-23,11,0
61,2020-05-23,5,0
62,2020-05-23,0,0
99,2020-05-23,13,0
1,2020-05-23,78292,7110
59,2020-05-30,2573,164
48,2020-05-30,6934,144
47,2020-05-30,645,10
46,2020-05-30,294,7
35,2020-05-30,27533,2227
24,2020-05-30,44400,5138
10,2020-05-30,261,3
13,2020-05-30,129,0
12,2020-05-30,1055,59
11,2020-05-30,27,0
60,2020-05-30,11,0
61,2020-05-30,5,0
62,2020-05-30,0,0
99,2020-05-30,13,0
1,2020-05-30,83880,7752
59,2020-06-06,2632,167
48,2020-06-06,7105,150
47,2020-06-06,650,11
46,2020-06-06,300,7
35,2020-06-06,30202,2384
24,2020-06-06,46048,5351
10,2020-06-06,261,3
13,2020-06-06,136,1
12,2020-06-06,1058,61
11,2020-06-06,27,0
60,2020-06-06,11,0
61,2020-06-06,5,0
62,2020-06-06,0,0
99,2020-06-06,13,0
1,2020-06-06,88448,8135
59,2020-06-13,2709,168
48,2020-06-13,7353,151
47,2020-06-13,664,13
46,2020-06-13,303,7
35,2020-06-13,31992,2479
24,2020-06-13,47047,5485
10,2020-06-13,261,3
13,2020-06-13,157,2
12,2020-06-13,1060,62
11,2020-06-13,27,0
60,2020-06-13,11,0
61,2020-06-13,5,0
62,2020-06-13,0,0
99,2020-06-13,13,0
1,2020-06-13,91602,8370
59,2020-06-20,2790,168
48,2020-06-20,7656,152
47,2020-06-20,726,13
46,2020-06-20,313,7
35,2020-06-20,33301,2566
24,2020-06-20,47725,5554
10,2020-06-20,261,3
13,2020-06-20,164,2
12,2020-06-20,1061,63
11,2020-06-20,27,0
60,2020-06-20,11,0
61,2020-06-20,5,0
62,2020-06-20,0,0
99,2020-06-20,13,0
1,2020-06-20,94053,8528
59,2020-06-27,2878,174
48,2020-06-27,7939,154
47,2020-06-27,777,13
46,2020-06-27,322,7
35,2020-06-27,34476,2618
24,2020-06-27,48230,5614
10,2020-06-27,261,3
13,2020-06-27,165,2
12,2020-06-27,1061,63
11,2020-06-27,27,0
60,2020-06-27,11,0
61,2020-06-27,5,0
62,2020-06-27,0,0
99,2020-06-27,13,0
1,2020-06-27,96165,8648
59,2020-07-04,2947,177
48,2020-07-04,8281,156
47,2020-07-04,796,14
46,2020-07-04,325,7
35,2020-07-04,35656,2651
24,2020-07-04,48734,5660
10,2020-07-04,261,3
13,2020-07-04,165,2
12,2020-07-04,1064,63
11,2020-07-04,30,0
60,2020-07-04,11,0
61,2020-07-04,5,0
62,2020-07-04,0,0
99,2020-07-04,13,0
1,2020-07-04,98288,8733
59,2020-07-11,3053,187
48,2020-07-11,8691,162
47,2020-07-11,815,15
46,2020-07-11,325,7
35,2020-07-11,36594,2680
24,2020-07-11,49406,5689
10,2020-07-11,262,3
13,2020-07-11,166,2
12,2020-07-11,1066,63
11,2020-07-11,34,0
60,2020-07-11,11,0
61,2020-07-11,5,0
62,2020-07-11,0,0
99,2020-07-11,13,0
1,2020-07-11,100441,8808
59,2020-07-18,3198,189
48,2020-07-18,9429,170
47,2020-07-18,941,15
46,2020-07-18,337,7
35,2020-07-18,37440,2711
24,2020-07-18,50404,5705
10,2020-07-18,262,3
13,2020-07-18,168,2
12,2020-07-18,1067,63
11,2020-07-18,36,0
60,2020-07-18,13,0
61,2020-07-18,5,0
62,2020-07-18,0,0
99,2020-07-18,13,0
1,2020-07-18,103313,8865
59,2020-07-25,3419,191
48,2020-07-25,10228,184
47,2020-07-25,1136,16
46,2020-07-25,388,7
35,2020-07-25,38543,2722
24,2020-07-25,51498,5716
10,2020-07-25,265,3
13,2020-07-25,170,2
12,2020-07-25,1067,63
11,2020-07-25,36,0
60,2020-07-25,14,0
61,2020-07-25,5,0
62,2020-07-25,0,0
99,2020-07-25,13,0
1,2020-07-25,106782,8904
59,2020-08-01,3641,195
48,2020-08-01,10937,200
47,2020-08-01,1334,18
46,2020-08-01,417,8
35,2020-08-01,39333,2739
24,2020-08-01,52434,5726
10,2020-08-01,266,3
13,2020-08-01,170,2
12,2020-08-01,1070,64
11,2020-08-01,36,0
60,2020-08-01,14,0
61,2020-08-01,5,0
62,2020-08-01,0,0
99,2020-08-01,13,0
1,2020-08-01,109670,8955
59,2020-08-08,3934,195
48,2020-08-08,11565,214
47,2020-08-08,1433,20
46,2020-08-08,507,8
35,2020-08-08,39967,2746
24,2020-08-08,53304,5737
10,2020-08-08,267,3
13,2020-08-08,176,2
12,2020-08-08,1071,64
11,2020-08-08,36,0
60,2020-08-08,15,0
61,2020-08-08,5,0
62,2020-08-08,0,0
99,2020-08-08,13,0
1,2020-08-08,112293,8989
59,2020-08-15,4358,196
48,2020-08-15,12152,225
47,2020-08-15,1566,21
46,2020-08-15,663,9
35,2020-08-15,40565,2751
24,2020-08-15,53897,5753
10,2020-08-15,268,3
13,2020-08-15,184,2
12,2020-08-15,1074,64
11,2020-08-15,41,0
60,2020-08-15,15,0
61,2020-08-15,5,0
62,2020-08-15,0,0
99,2020-08-15,13,0
1,2020-08-15,114801,9024
59,2020-08-22,4915,202
48,2020-08-22,12845,232
47,2020-08-22,1597,22
46,2020-08-22,872,12
35,2020-08-22,41287,2759
24,2020-08-22,54479,5769
10,2020-08-22,268,3
13,2020-08-22,188,2
12,2020-08-22,1079,65
11,2020-08-22,44,0
60,2020-08-22,15,0
61,2020-08-22,5,0
62,2020-08-22,0,0
99,2020-08-22,13,0
1,2020-08-22,117607,9066
59,2020-08-29,5496,204
48,2020-08-29,13693,237
47,2020-08-29,1615,24
46,2020-08-29,1151,14
35,2020-08-29,42083,2771
24,2020-08-29,55193,5783
10,2020-08-29,269,3
13,2020-08-29,191,2
12,2020-08-29,1084,65
11,2020-08-29,44,0
60,2020-08-29,15,0
61,2020-08-29,5,0
62,2020-08-29,0,0
99,2020-08-29,13,0
1,2020-08-29,120852,9103
59,2020-09-05,6162,211
48,2020-09-05,14689,244
47,2020-09-05,1643,24
46,2020-09-05,1294,16
35,2020-09-05,43003,2774
24,2020-09-05,56440,5789
10,2020-09-05,270,3
13,2020-09-05,192,2
12,2020-09-05,1086,65
11,2020-09-05,49,0
60,2020-09-05,15,0
61,2020-09-05,5,0
62,2020-09-05,0,0
99,2020-09-05,13,0
1,2020-09-05,124861,9128
59,2020-09-12,6962,213
48,2020-09-12,15577,252
47,2020-09-12,1709,24
46,2020-09-12,1410,16
35,2020-09-12,44300,2776
24,2020-09-12,58163,5798
10,2020-09-12,271,3
13,2020-09-12,193,2
12,2020-09-12,1086,65
11,2020-09-12,55,0
60,2020-09-12,15,0
61,2020-09-12,5,0
62,2020-09-12,0,0
99,2020-09-12,13,0
1,2020-09-12,129759,9149
59,2020-09-19,7842,223
48,2020-09-19,16571,253
47,2020-09-19,1787,24
46,2020-09-19,1558,16
35,2020-09-19,46484,2788
24,2020-09-19,60660,5827
10,2020-09-19,272,3
13,2020-09-19,194,2
12,2020-09-19,1086,65
11,2020-09-19,57,0
60,2020-09-19,15,0
61,2020-09-19,5,0
62,2020-09-19,0,0
99,2020-09-19,13,0
1,2020-09-19,136544,9201
59,2020-09-26,8641,230
48,2020-09-26,17590,262
47,2020-09-26,1863,24
46,2020-09-26,1829,19
35,2020-09-26,49340,2799
24,2020-09-26,65273,5853
10,2020-09-26,272,3
13,2020-09-26,200,2
12,2020-09-26,1087,65
11,2020-09-26,58,0
60,2020-09-26,15,0
61,2020-09-26,5,0
62,2020-09-26,0,0
99,2020-09-26,13,0
1,2020-09-26,146186,9257
59,2020-10-03,9381,238
48,2020-10-03,18731,277
47,2020-10-03,1954,24
46,2020-10-03,2108,22
35,2020-10-03,53633,2929
24,2020-10-03,72571,5913
10,2020-10-03,276,3
13,2020-10-03,201,2
12,2020-10-03,1088,65
11,2020-10-03,60,0
60,2020-10-03,15,0
61,2020-10-03,5,0
62,2020-10-03,0,0
99,2020-10-03,13,0
1,2020-10-03,160036,9473
59,2020-10-10,10185,245
48,2020-10-10,20305,284
47,2020-10-10,2068,24
46,2020-10-10,2524,32
35,2020-10-10,58490,2964
24,2020-10-10,79522,5995
10,2020-10-10,282,4
13,2020-10-10,258,2
12,2020-10-10,1091,65
11,2020-10-10,62,0
60,2020-10-10,15,0
61,2020-10-10,5,0
62,2020-10-10,0,0
99,2020-10-10,13,0
1,2020-10-10,174820,9615
59,2020-10-17,11189,251
48,2020-10-17,22102,289
47,2020-10-17,2306,25
46,2020-10-17,3258,38
35,2020-10-17,63713,2999
24,2020-10-17,86727,6084
10,2020-10-17,287,4
13,2020-10-17,305,2
12,2020-10-17,1096,65
11,2020-10-17,64,0
60,2020-10-17,16,0
61,2020-10-17,5,0
62,2020-10-17,0,0
99,2020-10-17,13,0
1,2020-10-17,191081,9757
59,2020-10-24,12554,256
48,2020-10-24,25031,306
47,2020-10-24,2669,25
46,2020-10-24,4088,50
35,2020-10-24,69331,3040
24,2020-10-24,93286,6208
10,2020-10-24,289,4
13,2020-10-24,326,4
12,2020-10-24,1100,65
11,2020-10-24,64,0
60,2020-10-24,19,0
61,2020-10-24,8,0
62,2020-10-24,0,0
99,2020-10-24,13,0
1,2020-10-24,208778,9958
59,2020-10-31,14733,263
48,2020-10-31,28558,333
47,2020-10-31,3144,25
46,2020-10-31,5723,67
35,2020-10-31,75730,3085
24,2020-10-31,99959,6365
10,2020-10-31,291,4
13,2020-10-31,343,6
12,2020-10-31,1110,65
11,2020-10-31,64,0
60,2020-10-31,23,1
61,2020-10-31,10,0
62,2020-10-31,0,0
99,2020-10-31,13,0
1,2020-10-31,229701,10214
59,2020-11-07,17716,276
48,2020-11-07,33242,373
47,2020-11-07,3738,27
46,2020-11-07,7689,103
35,2020-11-07,82825,3164
24,2020-11-07,107783,6515
10,2020-11-07,296,4
13,2020-11-07,353,6
12,2020-11-07,1124,65
11,2020-11-07,66,0
60,2020-11-07,23,1
61,2020-11-07,10,0
62,2020-11-07,1,0
99,2020-11-07,13,0
1,2020-11-07,254879,10534
59,2020-11-14,21639,290
48,2020-11-14,39020,422
47,2020-11-14,4820,29
46,2020-11-14,10453,152
35,2020-11-14,92761,3274
24,2020-11-14,116778,6722
10,2020-11-14,301,4
13,2020-11-14,364,6
12,2020-11-14,1141,65
11,2020-11-14,68,0
60,2020-11-14,24,1
61,2020-11-14,14,0
62,2020-11-14,35,0
99,2020-11-14,13,0
1,2020-11-14,287431,10965
59,2020-11-21,26187,331
48,2020-11-21,46503,493
47,2020-11-21,6237,33
46,2020-11-21,13304,217
35,2020-11-21,102378,3409
24,2020-11-21,124853,6931
10,2020-11-21,316,4
13,2020-11-21,424,6
12,2020-11-21,1177,65
11,2020-11-21,69,0
60,2020-11-21,32,1
61,2020-11-21,15,0
62,2020-11-21,108,0
99,2020-11-21,13,0
1,2020-11-21,321616,11490
59,2020-11-28,31634,410
48,2020-11-28,56040,567
47,2020-11-28,7888,45
46,2020-11-28,16118,290
35,2020-11-28,113038,3548
24,2020-11-28,133885,7148
10,2020-11-28,333,4
13,2020-11-28,481,7
12,2020-11-28,1272,65
11,2020-11-28,71,0
60,2020-11-28,44,1
61,2020-11-28,15,0
62,2020-11-28,166,0
99,2020-11-28,13,0
1,2020-11-28,360998,12085
59,2020-12-05,36779,510
48,2020-12-05,68113,680
47,2020-12-05,9729,55
46,2020-12-05,18423,381
35,2020-12-05,125385,3677
24,2020-12-05,144746,7386
10,2020-12-05,347,4
13,2020-12-05,530,7
12,2020-12-05,1356,65
11,2020-12-05,79,0
60,2020-12-05,52,1
61,2020-12-05,15,0
62,2020-12-05,204,0
99,2020-12-05,13,0
1,2020-12-05,405771,12766
59,2020-12-12,41495,626
48,2020-12-12,79773,812
47,2020-12-12,11747,86
46,2020-12-12,20750,483
35,2020-12-12,138504,3847
24,2020-12-12,156983,7648
10,2020-12-12,358,4
13,2020-12-12,555,8
12,2020-12-12,1407,65
11,2020-12-12,87,0
60,2020-12-12,58,1
61,2020-12-12,19,0
62,2020-12-12,242,0
99,2020-12-12,13,0
1,2020-12-12,451991,13580
59,2020-12-19,46052,752
48,2020-12-19,89994,961
47,2020-12-19,13327,115
46,2020-12-19,22630,556
35,2020-12-19,153614,4032
24,2020-12-19,170937,7927
10,2020-12-19,380,4
13,2020-12-19,574,8
12,2020-12-19,1439,65
11,2020-12-19,90,0
60,2020-12-19,59,1
61,2020-12-19,23,0
62,2020-12-19,260,1
99,2020-12-19,13,0
1,2020-12-19,499392,14422
59,2020-12-26,49568,847
48,2020-12-26,97393,1116
47,2020-12-26,14615,134
46,2020-12-26,23624,617
35,2020-12-26,169411,4258
24,2020-12-26,186322,8257
10,2020-12-26,384,4
13,2020-12-26,590,8
12,2020-12-26,1469,65
11,2020-12-26,94,0
60,2020-12-26,60,1
61,2020-12-26,24,0
62,2020-12-26,264,1
99,2020-12-26,13,0
1,2020-12-26,543831,15308
59,2021-01-02,53162,901
48,2021-01-02,104618,1267
47,2021-01-02,15844,158
46,2021-01-02,25026,678
35,2021-01-02,187998,4516
24,2021-01-02,204100,8590
10,2021-01-02,390,4
13,2021-01-02,611,9
12,2021-01-02,1497,65
11,2021-01-02,97,0
60,2021-01-02,64,1
61,2021-01-02,24,0
62,2021-01-02,266,1
99,2021-01-02,13,0
1,2021-01-02,593710,16190
59,2021-01-09,57170,999
48,2021-01-09,111713,1426
47,2021-01-09,17807,191
46,2021-01-09,26166,733
35,2021-01-09,211837,4804
24,2021-01-09,221558,8947
10,2021-01-09,392,4
13,2021-01-09,765,9
12,2021-01-09,1525,65
11,2021-01-09,100,0
60,2021-01-09,70,1
61,2021-01-09,24,0
62,2021-01-09,266,1
99,2021-01-09,13,0
1,2021-01-09,649406,17180
59,2021-01-16,60701,1064
48,2021-01-16,117072,1557
47,2021-01-16,19985,212
46,2021-01-16,27322,761
35,2021-01-16,234364,5216
24,2021-01-16,235619,9323
10,2021-01-16,395,4
13,2021-01-16,911,12
12,2021-01-16,1550,65
11,2021-01-16,107,0
60,2021-01-16,70,1
61,2021-01-16,27,0
62,2021-01-16,266,1
99,2021-01-16,13,0
1,2021-01-16,698402,18216
59,2021-01-23,64011,1128
48,2021-01-23,120997,1672
47,2021-01-23,21917,250
46,2021-01-23,28476,797
35,2021-01-23,252585,5622
24,2021-01-23,246130,9706
10,2021-01-23,398,4
13,2021-01-23,1104,13
12,2021-01-23,1567,65
11,2021-01-23,110,0
60,2021-01-23,70,1
61,2021-01-23,30,0
62,2021-01-23,275,1
99,2021-01-23,13,0
1,2021-01-23,737683,19259
59,2021-01-30,67187,1189
48,2021-01-30,124033,1744
47,2021-01-30,23626,300
46,2021-01-30,29446,825
35,2021-01-30,266363,6005
24,2021-01-30,254884,9986
10,2021-01-30,408,4
13,2021-01-30,1230,18
12,2021-01-30,1578,65
11,2021-01-30,112,0
60,2021-01-30,70,1
61,2021-01-30,31,0
62,2021-01-30,289,1
99,2021-01-30,13,0
1,2021-01-30,769270,20138
59,2021-02-06,70144,1246
48,2021-02-06,126629,1802
47,2021-02-06,25209,336
46,2021-02-06,30158,842
35,2021-02-06,276718,6331
24,2021-02-06,262302,10201
10,2021-02-06,415,4
13,2021-02-06,1337,20
12,2021-02-06,1585,65
11,2021-02-06,114,0
60,2021-02-06,70,1
61,2021-02-06,32,0
62,2021-02-06,297,1
99,2021-02-06,13,0
1,2021-02-06,795023,20849
59,2021-02-13,73202,1298
48,2021-02-13,128705,1854
47,2021-02-13,26389,354
46,2021-02-13,30687,866
35,2021-02-13,284887,6490
24,2021-02-13,268784,10351
10,2021-02-13,686,4
13,2021-02-13,1398,22
12,2021-02-13,1592,65
11,2021-02-13,114,0
60,2021-02-13,71,1
61,2021-02-13,36,0
62,2021-02-13,313,1
99,2021-02-13,13,0
1,2021-02-13,816877,21306
59,2021-02-20,76339,1327
48,2021-02-20,130957,1880
47,2021-02-20,27438,368
46,2021-02-20,31329,882
35,2021-02-20,291999,6678
24,2021-02-20,274136,10449
10,2021-02-20,901,4
13,2021-02-20,1420,24
12,2021-02-20,1605,65
11,2021-02-20,115,0
60,2021-02-20,72,1
61,2021-02-20,41,0
62,2021-02-20,339,1
99,2021-02-20,13,0
1,2021-02-20,836704,21679
59,2021-02-27,79909,1355
48,2021-02-27,133400,1905
47,2021-02-27,28506,385
46,2021-02-27,31809,893
35,2021-02-27,299754,6783
24,2021-02-27,279518,10520
10,2021-02-27,980,5
13,2021-02-27,1430,26
12,2021-02-27,1633,65
11,2021-02-27,127,0
60,2021-02-27,72,1
61,2021-02-27,42,0
62,2021-02-27,356,1
99,2021-02-27,13,0
1,2021-02-27,857549,21939
59,2021-03-06,83652,1383
48,2021-03-06,135731,1924
47,2021-03-06,29593,396
46,2021-03-06,32169,904
35,2021-03-06,306997,6870
24,2021-03-06,284470,10585
10,2021-03-06,1005,6
13,2021-03-06,1453,28
12,2021-03-06,1654,65
11,2021-03-06,140,0
60,2021-03-06,72,1
61,2021-03-06,42,0
62,2021-03-06,372,1
99,2021-03-06,13,0
1,2021-03-06,877363,22163
59,2021-03-13,87422,1401
48,2021-03-13,138268,1950
47,2021-03-13,30522,405
46,2021-03-13,32699,916
35,2021-03-13,316359,6950
24,2021-03-13,289483,10637
10,2021-03-13,1012,6
13,2021-03-13,1465,30
12,2021-03-13,1667,65
11,2021-03-13,144,0
60,2021-03-13,72,1
61,2021-03-13,42,0
62,2021-03-13,382,1
99,2021-03-13,13,0
1,2021-03-13,899550,22362
59,2021-03-20,91342,1421
48,2021-03-20,141744,1965
47,2021-03-20,31459,417
46,2021-03-20,33263,920
35,2021-03-20,327083,7028
24,2021-03-20,294905,10688
10,2021-03-20,1014,6
13,2021-03-20,1489,30
12,2021-03-20,1684,66
11,2021-03-20,149,0
60,2021-03-20,72,1
61,2021-03-20,42,0
62,2021-03-20,390,3
99,2021-03-20,13,0
1,2021-03-20,924649,22545
59,2021-03-27,96613,1452
48,2021-03-27,146142,1987
47,2021-03-27,32783,430
46,2021-03-27,33867,933
35,2021-03-27,340692,7111
24,2021-03-27,301134,10732
10,2021-03-27,1015,6
13,2021-03-27,1571,30
12,2021-03-27,1705,66
11,2021-03-27,156,0
60,2021-03-27,73,1
61,2021-03-27,42,0
62,2021-03-27,395,4
99,2021-03-27,13,0
1,2021-03-27,956201,22752
59,2021-04-03,103031,1463
48,2021-04-03,152156,2002
47,2021-04-03,34323,436
46,2021-04-03,34352,938
35,2021-04-03,358558,7224
24,2021-04-03,309275,10775
10,2021-04-03,1020,6
13,2021-04-03,1641,30
12,2021-04-03,1732,66
11,2021-04-03,160,0
60,2021-04-03,74,1
61,2021-04-03,43,0
62,2021-04-03,395,4
99,2021-04-03,13,0
1,2021-04-03,996773,22945
59,2021-04-10,110823,1504
48,2021-04-10,160716,2014
47,2021-04-10,35984,453
46,2021-04-10,35101,949
35,2021-04-10,382152,7317
24,2021-04-10,320990,10823
10,2021-04-10,1029,6
13,2021-04-10,1713,33
12,2021-04-10,1765,66
11,2021-04-10,163,0
60,2021-04-10,74,1
61,2021-04-10,43,0
62,2021-04-10,395,4
99,2021-04-10,13,0
1,2021-04-10,1050961,23170
59,2021-04-17,118107,1530
48,2021-04-17,170526,2037
47,2021-04-17,37871,464
46,2021-04-17,35989,958
35,2021-04-17,412745,7479
24,2021-04-17,331262,10897
10,2021-04-17,1042,6
13,2021-04-17,1778,33
12,2021-04-17,1809,67
11,2021-04-17,170,0
60,2021-04-17,76,1
61,2021-04-17,43,0
62,2021-04-17,414,4
99,2021-04-17,13,0
1,2021-04-17,1111845,23476
59,2021-04-24,124639,1563
48,2021-04-24,181426,2070
47,2021-04-24,39683,473
46,2021-04-24,37339,967
35,2021-04-24,441404,7663
24,2021-04-24,339011,10962
10,2021-04-24,1056,6
13,2021-04-24,1847,35
12,2021-04-24,2034,67
11,2021-04-24,176,0
60,2021-04-24,80,1
61,2021-04-24,49,0
62,2021-04-24,453,4
99,2021-04-24,13,0
1,2021-04-24,1169210,23811
59,2021-05-01,130317,1581
48,2021-05-01,194473,2102
47,2021-05-01,41360,494
46,2021-05-01,38993,976
35,2021-05-01,466733,7852
24,2021-05-01,346304,11033
10,2021-05-01,1081,6
13,2021-05-01,1933,36
12,2021-05-01,2644,67
11,2021-05-01,180,0
60,2021-05-01,81,2
61,2021-05-01,57,0
62,2021-05-01,508,4
99,2021-05-01,13,0
1,2021-05-01,1224677,24153
59,2021-05-08,134937,1614
48,2021-05-08,208277,2125
47,2021-05-08,42964,502
46,2021-05-08,41422,990
35,2021-05-08,489087,8028
24,2021-05-08,352562,11083
10,2021-05-08,1133,6
13,2021-05-08,1996,41
12,2021-05-08,3697,70
11,2021-05-08,185,0
60,2021-05-08,82,2
61,2021-05-08,90,0
62,2021-05-08,564,4
99,2021-05-08,13,0
1,2021-05-08,1277009,24465
59,2021-05-15,138747,1634
48,2021-05-15,218617,2153
47,2021-05-15,44364,516
46,2021-05-15,44615,1006
35,2021-05-15,507117,8219
24,2021-05-15,358063,11120
10,2021-05-15,1184,6
13,2021-05-15,2052,41
12,2021-05-15,4600,72
11,2021-05-15,191,0
60,2021-05-15,84,2
61,2021-05-15,116,0
62,2021-05-15,611,4
99,2021-05-15,13,0
1,2021-05-15,1320374,24773
59,2021-05-22,141729,1667
48,2021-05-22,223980,2188
47,2021-05-22,45490,526
46,2021-05-22,47977,1028
35,2021-05-22,520774,8358
24,2021-05-22,362208,11172
10,2021-05-22,1230,6
13,2021-05-22,2115,43
12,2021-05-22,5190,77
11,2021-05-22,197,0
60,2021-05-22,84,2
61,2021-05-22,125,0
62,2021-05-22,636,4
99,2021-05-22,13,0
1,2021-05-22,1351748,25071
59,2021-05-29,143839,1699
48,2021-05-29,227106,2223
47,2021-05-29,46464,537
46,2021-05-29,50498,1045
35,2021-05-29,529510,8478
24,2021-05-29,364996,11203
10,2021-05-29,1302,6
13,2021-05-29,2191,43
12,2021-05-29,5501,83
11,2021-05-29,202,0
60,2021-05-29,84,2
61,2021-05-29,128,0
62,2021-05-29,645,4
99,2021-05-29,13,0
1,2021-05-29,1372479,25323
59,2021-06-05,145266,1719
48,2021-06-05,229087,2247
47,2021-06-05,47285,546
46,2021-06-05,52530,1072
35,2021-06-05,535419,8593
24,2021-06-05,366801,11228
10,2021-06-05,1347,6
13,2021-06-05,2262,44
12,2021-06-05,5648,87
11,2021-06-05,205,0
60,2021-06-05,85,2
61,2021-06-05,128,0
62,2021-06-05,649,4
99,2021-06-05,13,0
1,2021-06-05,1386725,25548
59,2021-06-12,146272,1730
48,2021-06-12,230394,2269
47,2021-06-12,47875,555
46,2021-06-12,54163,1092
35,2021-06-12,539153,8695
24,2021-06-12,368095,11243
10,2021-06-12,1374,7
13,2021-06-12,2291,45
12,2021-06-12,5729,89
11,2021-06-12,206,0
60,2021-06-12,100,2
61,2021-06-12,128,0
62,2021-06-12,654,4
99,2021-06-12,13,0
1,2021-06-12,1396447,25731
59,2021-06-19,146996,1740
48,2021-06-19,231265,2290
47,2021-06-19,48381,562
46,2021-06-19,55238,1118
35,2021-06-19,541880,8751
24,2021-06-19,369073,11257
10,2021-06-19,1383,7
13,2021-06-19,2316,45
12,2021-06-19,5779,90
11,2021-06-19,206,0
60,2021-06-19,159,3
61,2021-06-19,128,0
62,2021-06-19,657,4
99,2021-06-19,13,0
1,2021-06-19,1403474,25867
59,2021-06-26,147475,1749
48,2021-06-26,231780,2297
47,2021-06-26,48706,566
46,2021-06-26,55878,1138
35,2021-06-26,543917,8858
24,2021-06-26,369725,11267
10,2021-06-26,1384,7
13,2021-06-26,2324,45
12,2021-06-26,5820,91
11,2021-06-26,207,0
60,2021-06-26,264,4
61,2021-06-26,128,0
62,2021-06-26,657,4
99,2021-06-26,13,0
1,2021-06-26,1408278,26026
59,2021-07-03,147735,1756
48,2021-07-03,232133,2304
47,2021-07-03,48931,568
46,2021-07-03,56353,1148
35,2021-07-03,545590,8947
24,2021-07-03,370240,11273
10,2021-07-03,1387,7
13,2021-07-03,2335,45
12,2021-07-03,5847,92
11,2021-07-03,208,0
60,2021-07-03,367,5
61,2021-07-03,128,0
62,2021-07-03,657,4
99,2021-07-03,13,0
1,2021-07-03,1411924,26149
59,2021-07-10,148077,1760
48,2021-07-10,232438,2306
47,2021-07-10,49240,572
46,2021-07-10,56826,1160
35,2021-07-10,546983,8985
24,2021-07-10,370742,11276
10,2021-07-10,1402,7
13,2021-07-10,2336,46
12,2021-07-10,5865,92
11,2021-07-10,208,0
60,2021-07-10,458,5
61,2021-07-10,128,0
62,2021-07-10,657,4
99,2021-07-10,13,0
1,2021-07-10,1415373,26213
59,2021-07-17,148387,1761
48,2021-07-17,232725,2315
47,2021-07-17,49397,575
46,2021-07-17,57124,1164
35,2021-07-17,548040,9024
24,2021-07-17,371279,11281
10,2021-07-17,1433,7
13,2021-07-17,2345,46
12,2021-07-17,5872,92
11,2021-07-17,208,0
60,2021-07-17,499,6
61,2021-07-17,128,0
62,2021-07-17,657,4
99,2021-07-17,13,0
1,2021-07-17,1418107,26275
59,2021-07-24,148936,1767
48,2021-07-24,233460,2320
47,2021-07-24,49656,578
46,2021-07-24,57413,1171
35,2021-07-24,549156,9046
24,2021-07-24,371978,11287
10,2021-07-24,1437,7
13,2021-07-24,2350,46
12,2021-07-24,5880,93
11,2021-07-24,208,0
60,2021-07-24,551,6
61,2021-07-24,128,0
62,2021-07-24,657,4
99,2021-07-24,13,0
1,2021-07-24,1421823,26325
59,2021-07-31,150049,1771
48,2021-07-31,234763,2324
47,2021-07-31,50024,578
46,2021-07-31,57620,1178
35,2021-07-31,550436,9079
24,2021-07-31,372896,11288
10,2021-07-31,1437,7
13,2021-07-31,2365,46
12,2021-07-31,5886,93
11,2021-07-31,208,0
60,2021-07-31,596,7
61,2021-07-31,128,0
62,2021-07-31,657,4
99,2021-07-31,13,0
1,2021-07-31,1427078,26375
59,2021-08-07,152261,1772
48,2021-08-07,236757,2329
47,2021-08-07,50477,582
46,2021-08-07,57793,1183
35,2021-08-07,552056,9133
24,2021-08-07,374508,11290
10,2021-08-07,1443,7
13,2021-08-07,2414,46
12,2021-08-07,5901,93
11,2021-08-07,211,0
60,2021-08-07,623,8
61,2021-08-07,129,0
62,2021-08-07,657,4
99,2021-08-07,13,0
1,2021-08-07,1435243,26447
59,2021-08-14,155611,1779
48,2021-08-14,239929,2332
47,2021-08-14,51162,586
46,2021-08-14,57996,1184
35,2021-08-14,555050,9150
24,2021-08-14,377017,11293
10,2021-08-14,1447,7
13,2021-08-14,2490,46
12,2021-08-14,5922,93
11,2021-08-14,218,0
60,2021-08-14,647,8
61,2021-08-14,141,0
62,2021-08-14,657,4
99,2021-08-14,13,0
1,2021-08-14,1448300,26482
59,2021-08-21,159643,1785
48,2021-08-21,244456,2346
47,2021-08-21,52252,586
46,2021-08-21,58222,1188
35,2021-08-21,558790,9183
24,2021-08-21,380186,11298
10,2021-08-21,1458,7
13,2021-08-21,2614,46
12,2021-08-21,5960,93
11,2021-08-21,223,0
60,2021-08-21,672,8
61,2021-08-21,277,0
62,2021-08-21,657,4
99,2021-08-21,13,0
1,2021-08-21,1465423,26544
59,2021-08-28,164329,1807
48,2021-08-28,251097,2372
47,2021-08-28,53617,597
46,2021-08-28,58608,1189
35,2021-08-28,563591,9227
24,2021-08-28,383764,11300
10,2021-08-28,1469,7
13,2021-08-28,2738,46
12,2021-08-28,6014,94
11,2021-08-28,230,0
60,2021-08-28,684,8
61,2021-08-28,380,1
62,2021-08-28,657,4
99,2021-08-28,13,0
1,2021-08-28,1487191,26652
59,2021-09-04,168983,1827
48,2021-09-04,259729,2414
47,2021-09-04,55750,610
46,2021-09-04,58883,1192
35,2021-09-04,568822,9275
24,2021-09-04,388214,11308
10,2021-09-04,1491,7
13,2021-09-04,2811,46
12,2021-09-04,6060,94
11,2021-09-04,234,0
60,2021-09-04,694,8
61,2021-09-04,471,1
62,2021-09-04,658,4
99,2021-09-04,13,0
1,2021-09-04,1512813,26786
59,2021-09-11,173981,1856
48,2021-09-11,269167,2471
47,2021-09-11,58293,618
46,2021-09-11,59275,1200
35,2021-09-11,573835,9333
24,2021-09-11,393191,11324
10,2021-09-11,1532,7
13,2021-09-11,2960,47
12,2021-09-11,6155,94
11,2021-09-11,246,0
60,2021-09-11,701,9
61,2021-09-11,565,1
62,2021-09-11,659,4
99,2021-09-11,13,0
1,2021-09-11,1540573,26964
59,2021-09-18,178598,1888
48,2021-09-18,280715,2567
47,2021-09-18,61558,638
46,2021-09-18,59666,1204
35,2021-09-18,578869,9373
24,2021-09-18,398338,11348
10,2021-09-18,1555,7
13,2021-09-18,3300,48
12,2021-09-18,6316,94
11,2021-09-18,273,0
60,2021-09-18,714,9
61,2021-09-18,704,1
62,2021-09-18,661,4
99,2021-09-18,13,0
1,2021-09-18,1571280,27181
59,2021-09-25,183417,1922
48,2021-09-25,291734,2670
47,2021-09-25,64949,667
46,2021-09-25,60100,1208
35,2021-09-25,583275,9422
24,2021-09-25,403084,11375
10,2021-09-25,1668,7
13,2021-09-25,3768,54
12,2021-09-25,6511,95
11,2021-09-25,292,0
60,2021-09-25,747,9
61,2021-09-25,870,2
62,2021-09-25,663,4
99,2021-09-25,13,0
1,2021-09-25,1601091,27435
59,2021-10-02,188311,1973
48,2021-10-02,302724,2786
47,2021-10-02,68290,708
46,2021-10-02,60749,1211
35,2021-10-02,587521,9470
24,2021-10-02,406959,11408
10,2021-10-02,1797,9
13,2021-10-02,4412,64
12,2021-10-02,6734,97
11,2021-10-02,300,0
60,2021-10-02,756,9
61,2021-10-02,1079,5
62,2021-10-02,664,4
99,2021-10-02,13,0
1,2021-10-02,1630309,27744
59,2021-10-09,193094,2001
48,2021-10-09,310449,2880
47,2021-10-09,71526,746
46,2021-10-09,61462,1220
35,2021-10-09,591331,9506
24,2021-10-09,410779,11437
10,2021-10-09,1848,11
13,2021-10-09,5087,72
12,2021-10-09,6926,98
11,2021-10-09,306,0
60,2021-10-09,794,10
61,2021-10-09,1367,6
62,2021-10-09,668,4
99,2021-10-09,13,0
1,2021-10-09,1655650,27991
59,2021-10-16,197186,2055
48,2021-10-16,315881,2985
47,2021-10-16,74074,776
46,2021-10-16,62091,1230
35,2021-10-16,594419,9532
24,2021-10-16,414764,11464
10,2021-10-16,1881,14
13,2021-10-16,5735,87
12,2021-10-16,7104,98
11,2021-10-16,312,0
60,2021-10-16,840,10
61,2021-10-16,1586,8
62,2021-10-16,673,4
99,2021-10-16,13,0
1,2021-10-16,1676559,28263
59,2021-10-23,201511,2109
48,2021-10-23,320492,3056
47,2021-10-23,76074,817
46,2021-10-23,62695,1235
35,2021-10-23,597145,9563
24,2021-10-23,417679,11496
10,2021-10-23,1928,15
13,2021-10-23,6112,107
12,2021-10-23,7234,99
11,2021-10-23,315,0
60,2021-10-23,880,10
61,2021-10-23,1744,9
62,2021-10-23,674,4
99,2021-10-23,13,0
1,2021-10-23,1694496,28520
59,2021-10-30,205482,2156
48,2021-10-30,323959,3119
47,2021-10-30,77494,850
46,2021-10-30,63450,1247
35,2021-10-30,599615,9586
24,2021-10-30,420963,11519
10,2021-10-30,1992,16
13,2021-10-30,6413,116
12,2021-10-30,7371,100
11,2021-10-30,317,0
60,2021-10-30,923,10
61,2021-10-30,1847,10
62,2021-10-30,674,4
99,2021-10-30,13,0
1,2021-10-30,1710513,28733
59,2021-11-06,208818,2201
48,2021-11-06,327146,3157
47,2021-11-06,78567,866
46,2021-11-06,64390,1260
35,2021-11-06,602595,9611
24,2021-11-06,424964,11540
10,2021-11-06,2003,16
13,2021-11-06,6716,121
12,2021-11-06,7590,101
11,2021-11-06,322,0
60,2021-11-06,1002,10
61,2021-11-06,1882,11
62,2021-11-06,674,4
99,2021-11-06,13,0
1,2021-11-06,1726682,28898
59,2021-11-13,212252,2257
48,2021-11-13,329995,3196
47,2021-11-13,79387,893
46,2021-11-13,65511,1269
35,2021-11-13,606507,9640
24,2021-11-13,429317,11565
10,2021-11-13,2025,16
13,2021-11-13,7129,121
12,2021-11-13,7841,104
11,2021-11-13,326,0
60,2021-11-13,1195,10
61,2021-11-13,1982,12
62,2021-11-13,674,4
99,2021-11-13,13,0
1,2021-11-13,1744154,29087
59,2021-11-20,215026,2293
48,2021-11-20,332677,3220
47,2021-11-20,80278,910
46,2021-11-20,66542,1286
35,2021-11-20,610950,9676
24,2021-11-20,434162,11582
10,2021-11-20,2035,17
13,2021-11-20,7579,122
12,2021-11-20,8027,106
11,2021-11-20,344,0
60,2021-11-20,1396,12
61,2021-11-20,2037,12
62,2021-11-20,674,4
99,2021-11-20,13,0
1,2021-11-20,1761740,29240
59,2021-11-27,217487,2322
48,2021-11-27,335025,3245
47,2021-11-27,80848,921
46,2021-11-27,67544,1311
35,2021-11-27,616051,9705
24,2021-11-27,440435,11595
10,2021-11-27,2048,18
13,2021-11-27,8172,123
12,2021-11-27,8183,109
11,2021-11-27,366,0
60,2021-11-27,1486,13
61,2021-11-27,2055,12
62,2021-11-27,674,4
99,2021-11-27,13,0
1,2021-11-27,1780387,29378
59,2021-12-04,219935,2351
48,2021-12-04,337220,3267
47,2021-12-04,81293,929
46,2021-12-04,68499,1330
35,2021-12-04,622313,9734
24,2021-12-04,448593,11614
10,2021-12-04,2064,18
13,2021-12-04,8680,132
12,2021-12-04,8370,110
11,2021-12-04,387,0
60,2021-12-04,1543,14
61,2021-12-04,2066,12
62,2021-12-04,675,4
99,2021-12-04,13,0
1,2021-12-04,1801651,29515
59,2021-12-11,222428,2381
48,2021-12-11,339291,3279
47,2021-12-11,81780,937
46,2021-12-11,69670,1349
35,2021-12-11,630671,9780
24,2021-12-11,460306,11639
10,2021-12-11,2078,18
13,2021-12-11,9492,140
12,2021-12-11,8843,110
11,2021-12-11,412,0
60,2021-12-11,1586,14
61,2021-12-11,2070,12
62,2021-12-11,676,4
99,2021-12-11,13,0
1,2021-12-11,1829316,29663
59,2021-12-18,226696,2399
48,2021-12-18,342554,3294
47,2021-12-18,82130,942
46,2021-12-18,71061,1363
35,2021-12-18,645766,9820
24,2021-12-18,483212,11670
10,2021-12-18,2175,18
13,2021-12-18,10446,148
12,2021-12-18,10704,110
11,2021-12-18,484,0
60,2021-12-18,1631,14
61,2021-12-18,2079,12
62,2021-12-18,676,4
99,2021-12-18,13,0
1,2021-12-18,1879627,29794
59,2021-12-25,238210,2414
48,2021-12-25,352824,3304
47,2021-12-25,83086,945
46,2021-12-25,74358,1370
35,2021-12-25,687336,9857
24,2021-12-25,547901,11716
10,2021-12-25,2512,18
13,2021-12-25,11896,152
12,2021-12-25,14301,111
11,2021-12-25,737,0
60,2021-12-25,1668,14
61,2021-12-25,2088,12
62,2021-12-25,695,4
99,2021-12-25,13,0
1,2021-12-25,2017625,29917
59,2022-01-01,258882,2423
48,2022-01-01,373504,3322
47,2022-01-01,85188,955
46,2022-01-01,80096,1392
35,2022-01-01,774806,9910
24,2022-01-01,656572,11826
10,2022-01-01,4597,19
13,2022-01-01,15069,160
12,2022-01-01,19175,111
11,2022-01-01,1447,0
60,2022-01-01,1808,15
61,2022-01-01,2189,12
62,2022-01-01,819,4
99,2022-01-01,13,0
1,2022-01-01,2274165,30149
59,2022-01-08,279448,2439
48,2022-01-08,406216,3350
47,2022-01-08,90765,961
46,2022-01-08,94850,1408
35,2022-01-08,866632,10038
24,2022-01-08,759801,12107
10,2022-01-08,7949,21
13,2022-01-08,20278,171
12,2022-01-08,25003,113
11,2022-01-08,2625,0
60,2022-01-08,2191,15
61,2022-01-08,2856,12
62,2022-01-08,976,4
99,2022-01-08,13,0
1,2022-01-08,2559603,30639
59,2022-01-15,295904,2468
48,2022-01-15,446419,3409
47,2022-01-15,98699,961
46,2022-01-15,107838,1445
35,2022-01-15,937636,10223
24,2022-01-15,806897,12550
10,2022-01-15,12406,25
13,2022-01-15,22359,183
12,2022-01-15,30101,119
11,2022-01-15,4118,1
60,2022-01-15,2665,15
61,2022-01-15,3784,13
62,2022-01-15,1141,5
99,2022-01-15,13,0
1,2022-01-15,2769980,31417
59,2022-01-22,310242,2529
48,2022-01-22,471630,3490
47,2022-01-22,107842,972
46,2022-01-22,114021,1492
35,2022-01-22,990832,10527
24,2022-01-22,837681,13060
10,2022-01-22,14805,31
13,2022-01-22,25465,207
12,2022-01-22,34021,128
11,2022-01-22,5807,6
60,2022-01-22,2886,16
61,2022-01-22,4703,14
62,2022-01-22,1346,5
99,2022-01-22,13,0
1,2022-01-22,2921294,32477
59,2022-01-29,322265,2597
48,2022-01-29,490562,3582
47,2022-01-29,116511,989
46,2022-01-29,118862,1543
35,2022-01-29,1026291,10945
24,2022-01-29,861292,13430
10,2022-01-29,16966,38
13,2022-01-29,28442,228
12,2022-01-29,37200,142
11,2022-01-29,7462,10
60,2022-01-29,3076,16
61,2022-01-29,5607,15
62,2022-01-29,1657,5
99,2022-01-29,13,0
1,2022-01-29,3036206,33540
59,2022-02-05,331964,2675
48,2022-02-05,505299,3688
47,2022-02-05,122525,1006
46,2022-02-05,122632,1585
35,2022-02-05,1051174,11329
24,2022-02-05,882336,13705
10,2022-02-05,18464,47
13,2022-02-05,30602,258
12,2022-02-05,39993,157
11,2022-02-05,8842,12
60,2022-02-05,3202,19
61,2022-02-05,6566,16
62,2022-02-05,1929,5
99,2022-02-05,13,0
1,2022-02-05,3125541,34502
59,2022-02-12,339736,2747
48,2022-02-12,514570,3784
47,2022-02-12,125756,1056
46,2022-02-12,125844,1619
35,2022-02-12,1070455,11615
24,2022-02-12,899235,13953
10,2022-02-12,19954,54
13,2022-02-12,32610,286
12,2022-02-12,42230,172
11,2022-02-12,10105,14
60,2022-02-12,3314,20
61,2022-02-12,7440,17
62,2022-02-12,2155,5
99,2022-02-12,13,0
1,2022-02-12,3193417,35342
59,2022-02-19,344262,2786
48,2022-02-19,520073,3858
47,2022-02-19,127162,1093
46,2022-02-19,128486,1649
35,2022-02-19,1085518,11777
24,2022-02-19,910977,14116
10,2022-02-19,21613,62
13,2022-02-19,34222,298
12,2022-02-19,43833,185
11,2022-02-19,11484,15
60,2022-02-19,3369,20
61,2022-02-19,8124,18
62,2022-02-19,2414,5
99,2022-02-19,13,0
1,2022-02-19,3241550,35882
59,2022-02-26,347729,2851
48,2022-02-26,524203,3920
47,2022-02-26,128263,1137
46,2022-02-26,130277,1675
35,2022-02-26,1098695,11939
24,2022-02-26,920174,14224
10,2022-02-26,23443,65
13,2022-02-26,36417,301
12,2022-02-26,45351,192
11,2022-02-26,13361,16
60,2022-02-26,3438,21
61,2022-02-26,8656,19
62,2022-02-26,2690,5
99,2022-02-26,13,0
1,2022-02-26,3282710,36365
59,2022-03-05,350329,2903
48,2022-03-05,527591,3974
47,2022-03-05,129251,1151
46,2022-03-05,131526,1690
35,2022-03-05,1111423,12062
24,2022-03-05,927786,14333
10,2022-03-05,26197,69
13,2022-03-05,38937,309
12,2022-03-05,46719,207
11,2022-03-05,16604,16
60,2022-03-05,3495,22
61,2022-03-05,9107,19
62,2022-03-05,3017,5
99,2022-03-05,13,0
1,2022-03-05,3321995,36760
59,2022-03-12,352319,2932
48,2022-03-12,530835,4010
47,2022-03-12,130082,1179
46,2022-03-12,132681,1710
35,2022-03-12,1123709,12247
24,2022-03-12,935274,14422
10,2022-03-12,30100,76
13,2022-03-12,42320,320
12,2022-03-12,48076,217
11,2022-03-12,19603,16
60,2022-03-12,3562,23
61,2022-03-12,9487,20
62,2022-03-12,3262,5
99,2022-03-12,13,0
1,2022-03-12,3361323,37177
59,2022-03-19,353778,2966
48,2022-03-19,534542,4040
47,2022-03-19,130977,1211
46,2022-03-19,133928,1726
35,2022-03-19,1136521,12329
24,2022-03-19,943732,14502
10,2022-03-19,33834,86
13,2022-03-19,45101,336
12,2022-03-19,50534,228
11,2022-03-19,22151,16
60,2022-03-19,3640,23
61,2022-03-19,9841,21
62,2022-03-19,3370,5
99,2022-03-19,13,0
1,2022-03-19,3401962,37489
59,2022-03-26,355299,2983
48,2022-03-26,538918,4070
47,2022-03-26,132172,1232
46,2022-03-26,135214,1744
35,2022-03-26,1151090,12397
24,2022-03-26,957152,14569
10,2022-03-26,36624,100
13,2022-03-26,48197,349
12,2022-03-26,53825,241
11,2022-03-26,24747,17
60,2022-03-26,3737,24
61,2022-03-26,10374,21
62,2022-03-26,3441,6
99,2022-03-26,13,0
1,2022-03-26,3450803,37753
59,2022-04-02,357242,3004
48,2022-04-02,544119,4102
47,2022-04-02,133204,1255
46,2022-04-02,136573,1751
35,2022-04-02,1169361,12460
24,2022-04-02,977011,14648
10,2022-04-02,39312,115
13,2022-04-02,51854,358
12,2022-04-02,58398,252
11,2022-04-02,27271,19
60,2022-04-02,3855,24
61,2022-04-02,10873,21
62,2022-04-02,3506,7
99,2022-04-02,13,0
1,2022-04-02,3512592,38016
59,2022-04-09,359002,3036
48,2022-04-09,550176,4141
47,2022-04-09,134252,1275
46,2022-04-09,138271,1759
35,2022-04-09,1192437,12548
24,2022-04-09,999276,14788
10,2022-04-09,41255,128
13,2022-04-09,55812,368
12,2022-04-09,69899,271
11,2022-04-09,29649,20
60,2022-04-09,3953,24
61,2022-04-09,11098,21
62,2022-04-09,3531,7
99,2022-04-09,13,0
1,2022-04-09,3588624,38386
59,2022-04-16,361034,3077
48,2022-04-16,556250,4189
47,2022-04-16,135099,1295
46,2022-04-16,139465,1774
35,2022-04-16,1217574,12629
24,2022-04-16,1018813,14961
10,2022-04-16,42576,143
13,2022-04-16,58768,378
12,2022-04-16,79289,286
11,2022-04-16,31706,22
60,2022-04-16,4015,24
61,2022-04-16,11136,21
62,2022-04-16,3531,7
99,2022-04-16,13,0
1,2022-04-16,3659269,38806
59,2022-04-23,363302,3147
48,2022-04-23,562895,4252
47,2022-04-23,135926,1310
46,2022-04-23,140931,1792
35,2022-04-23,1238060,12728
24,2022-04-23,1034271,15138
10,2022-04-23,43538,156
13,2022-04-23,60756,384
12,2022-04-23,85123,307
11,2022-04-23,33525,24
60,2022-04-23,4125,24
61,2022-04-23,11243,22
62,2022-04-23,3531,7
99,2022-04-23,13,0
1,2022-04-23,3717239,39291
59,2022-04-30,365577,3226
48,2022-04-30,568692,4315
47,2022-04-30,136667,1324
46,2022-04-30,141973,1819
35,2022-04-30,1258137,12825
24,2022-04-30,1045749,15302
10,2022-04-30,44251,165
13,2022-04-30,62148,399
12,2022-04-30,89225,330
11,2022-04-30,34935,26
60,2022-04-30,4203,25
61,2022-04-30,11348,22
62,2022-04-30,3531,7
99,2022-04-30,13,0
1,2022-04-30,3766449,39785
59,2022-05-07,367559,3307
48,2022-05-07,573557,4377
47,2022-05-07,137376,1343
46,2022-05-07,142875,1847
35,2022-05-07,1272972,12962
24,2022-05-07,1054162,15422
10,2022-05-07,44788,171
13,2022-05-07,63486,406
12,2022-05-07,92781,349
11,2022-05-07,35947,29
60,2022-05-07,4271,25
61,2022-05-07,11411,22
62,2022-05-07,3531,7
99,2022-05-07,13,0
1,2022-05-07,3804729,40267
59,2022-05-14,369202,3398
48,2022-05-14,577272,4436
47,2022-05-14,137840,1364
46,2022-05-14,143603,1913
35,2022-05-14,1284904,13063
24,2022-05-14,1060161,15533
10,2022-05-14,45196,176
13,2022-05-14,64490,411
12,2022-05-14,95802,371
11,2022-05-14,36785,33
60,2022-05-14,4321,25
61,2022-05-14,11426,22
62,2022-05-14,3531,7
99,2022-05-14,13,0
1,2022-05-14,3834546,40752
59,2022-05-21,370559,3469
48,2022-05-21,580257,4489
47,2022-05-21,138193,1376
46,2022-05-21,144140,1928
35,2022-05-21,1294447,13159
24,2022-05-21,1064273,15592
10,2022-05-21,45573,179
13,2022-05-21,65258,416
12,2022-05-21,97938,387
11,2022-05-21,37383,33
60,2022-05-21,4349,25
61,2022-05-21,11433,22
62,2022-05-21,3531,7
99,2022-05-21,13,0
1,2022-05-21,3857347,41082
59,2022-05-28,371720,3547
48,2022-05-28,582613,4526
47,2022-05-28,138558,1386
46,2022-05-28,144556,1980
35,2022-05-28,1301018,13223
24,2022-05-28,1068193,15640
10,2022-05-28,45964,183
13,2022-05-28,65812,419
12,2022-05-28,99688,397
11,2022-05-28,37850,33
60,2022-05-28,4381,26
61,2022-05-28,11466,22
62,2022-05-28,3531,7
99,2022-05-28,13,0
1,2022-05-28,3875363,41389
59,2022-06-04,372611,3614
48,2022-06-04,584526,4563
47,2022-06-04,138830,1396
46,2022-06-04,144895,2004
35,2022-06-04,1306890,13285
24,2022-06-04,1072381,15676
10,2022-06-04,46424,185
13,2022-06-04,66345,421
12,2022-06-04,101330,415
11,2022-06-04,38415,34
60,2022-06-04,4399,26
61,2022-06-04,11495,22
62,2022-06-04,3531,7
99,2022-06-04,13,0
1,2022-06-04,3892085,41648
59,2022-06-11,373336,3682
48,2022-06-11,586069,4580
47,2022-06-11,139224,1412
46,2022-06-11,145123,2015
35,2022-06-11,1312185,13336
24,2022-06-11,1077088,15702
10,2022-06-11,46891,188
13,2022-06-11,66816,422
12,2022-06-11,103258,428
11,2022-06-11,39081,40
60,2022-06-11,4412,26
61,2022-06-11,11508,22
62,2022-06-11,3531,7
99,2022-06-11,13,0
1,2022-06-11,3908535,41860
59,2022-06-18,373974,3722
48,2022-06-18,587252,4593
47,2022-06-18,139453,1424
46,2022-06-18,145326,2025
35,2022-06-18,1316767,13358
24,2022-06-18,1082634,15731
10,2022-06-18,47353,191
13,2022-06-18,67241,422
12,2022-06-18,104971,436
11,2022-06-18,39732,45
60,2022-06-18,4432,26
61,2022-06-18,11511,22
62,2022-06-18,3531,7
99,2022-06-18,13,0
1,2022-06-18,3924190,42002
59,2022-06-25,374594,3747
48,2022-06-25,588168,4614
47,2022-06-25,139661,1427
46,2022-06-25,145498,2043
35,2022-06-25,1321827,13388
24,2022-06-25,1089720,15761
10,2022-06-25,47773,193
13,2022-06-25,67725,425
12,2022-06-25,106633,441
11,2022-06-25,40460,45
60,2022-06-25,4456,26
61,2022-06-25,11511,22
62,2022-06-25,3531,7
99,2022-06-25,13,0
1,2022-06-25,3941570,42139
59,2022-07-02,375357,3788
48,2022-07-02,589206,4625
47,2022-07-02,139871,1431
46,2022-07-02,145623,2047
35,2022-07-02,1328710,13431
24,2022-07-02,1099715,15810
10,2022-07-02,48179,194
13,2022-07-02,68493,429
12,2022-07-02,108366,448
11,2022-07-02,41417,45
60,2022-07-02,4482,26
61,2022-07-02,11511,22
62,2022-07-02,3531,7
99,2022-07-02,13,0
1,2022-07-02,3964474,42303
59,2022-07-09,376329,3823
48,2022-07-09,590546,4643
47,2022-07-09,140080,1434
46,2022-07-09,145853,2053
35,2022-07-09,1336949,13469
24,2022-07-09,1111410,15876
10,2022-07-09,48593,196
13,2022-07-09,69537,433
12,2022-07-09,109982,455
11,2022-07-09,42602,46
60,2022-07-09,4510,26
61,2022-07-09,11511,22
62,2022-07-09,3531,7
99,2022-07-09,13,0
1,2022-07-09,3991446,42483
59,2022-07-16,377372,3855
48,2022-07-16,592052,4656
47,2022-07-16,140289,1438
46,2022-07-16,146024,2056
35,2022-07-16,1347728,13506
24,2022-07-16,1124655,15992
10,2022-07-16,48954,200
13,2022-07-16,70541,438
12,2022-07-16,111769,461
11,2022-07-16,44121,48
60,2022-07-16,4566,26
61,2022-07-16,11511,22
62,2022-07-16,3531,7
99,2022-07-16,13,0
1,2022-07-16,4023126,42705
59,2022-07-23,378291,3908
48,2022-07-23,593842,4670
47,2022-07-23,140670,1448
46,2022-07-23,146266,2061
35,2022-07-23,1360028,13579
24,2022-07-23,1137528,16112
10,2022-07-23,49412,203
13,2022-07-23,71479,443
12,2022-07-23,113669,467
11,2022-07-23,45645,49
60,2022-07-23,4603,26
61,2022-07-23,11511,22
62,2022-07-23,3531,7
99,2022-07-23,13,0
1,2022-07-23,4056488,42995
59,2022-07-30,379274,3940
48,2022-07-30,595513,4691
47,2022-07-30,141051,1459
46,2022-07-30,146524,2067
35,2022-07-30,1371369,13656
24,2022-07-30,1147765,16210
10,2022-07-30,49748,207
13,2022-07-30,72226,447
12,2022-07-30,115417,468
11,2022-07-30,46818,49
60,2022-07-30,4682,26
61,2022-07-30,11511,22
62,2022-07-30,3531,7
99,2022-07-30,13,0
1,2022-07-30,4085442,43249
59,2022-08-06,380174,3995
48,2022-08-06,597221,4722
47,2022-08-06,141432,1469
46,2022-08-06,146874,2079
35,2022-08-06,1381780,13748
24,2022-08-06,1155834,16304
10,2022-08-06,50091,212
13,2022-08-06,72968,451
12,2022-08-06,117142,472
11,2022-08-06,47694,51
60,2022-08-06,4738,29
61,2022-08-06,11511,22
62,2022-08-06,3531,7
99,2022-08-06,13,0
1,2022-08-06,4111003,43561
59,2022-08-13,381049,4037
48,2022-08-13,598954,4741
47,2022-08-13,141815,1479
46,2022-08-13,147329,2093
35,2022-08-13,1392435,13829
24,2022-08-13,1163092,16396
10,2022-08-13,50430,219
13,2022-08-13,73643,456
12,2022-08-13,118671,481
11,2022-08-13,48353,52
60,2022-08-13,4771,30
61,2022-08-13,11511,22
62,2022-08-13,3531,7
99,2022-08-13,13,0
1,2022-08-13,4135597,43842
59,2022-08-20,381788,4097
48,2022-08-20,600483,4776
47,2022-08-20,142298,1491
46,2022-08-20,147806,2105
35,2022-08-20,1402243,13897
24,2022-08-20,1169967,16494
10,2022-08-20,50810,223
13,2022-08-20,74440,462
12,2022-08-20,120055,490
11,2022-08-20,49063,53
60,2022-08-20,4798,30
61,2022-08-20,11511,22
62,2022-08-20,3531,7
99,2022-08-20,13,0
1,2022-08-20,4158806,44147
59,2022-08-27,382436,4145
48,2022-08-27,601883,4803
47,2022-08-27,142781,1503
46,2022-08-27,148428,2115
35,2022-08-27,1411638,13986
24,2022-08-27,1175594,16583
10,2022-08-27,51111,227
13,2022-08-27,75152,466
12,2022-08-27,121380,496
11,2022-08-27,49834,54
60,2022-08-27,4817,30
61,2022-08-27,11511,22
62,2022-08-27,3531,7
99,2022-08-27,13,0
1,2022-08-27,4180109,44437
59,2022-09-03,383054,4183
48,2022-09-03,603020,4840
47,2022-09-03,143264,1515
46,2022-09-03,148903,2118
35,2022-09-03,1420322,14081
24,2022-09-03,1180633,16644
10,2022-09-03,51329,231
13,2022-09-03,75741,472
12,2022-09-03,122458,504
11,2022-09-03,50404,56
60,2022-09-03,4839,30
61,2022-09-03,11511,22
62,2022-09-03,3531,7
99,2022-09-03,13,0
1,2022-09-03,4199022,44703
59,2022-09-10,383628,4216
48,2022-09-10,604064,4861
47,2022-09-10,143747,1527
46,2022-09-10,149245,2137
35,2022-09-10,1427618,14162
24,2022-09-10,1185591,16694
10,2022-09-10,51446,235
13,2022-09-10,76316,476
12,2022-09-10,123549,518
11,2022-09-10,50855,57
60,2022-09-10,4859,30
61,2022-09-10,11511,22
62,2022-09-10,3531,7
99,2022-09-10,13,0
1,2022-09-10,4215973,44942
59,2022-09-17,384266,4253
48,2022-09-17,605310,4888
47,2022-09-17,144235,1543
46,2022-09-17,149622,2143
35,2022-09-17,1435743,14243
24,2022-09-17,1190550,16740
10,2022-09-17,51580,236
13,2022-09-17,76902,480
12,2022-09-17,124511,531
11,2022-09-17,51256,59
60,2022-09-17,4867,31
61,2022-09-17,11511,22
62,2022-09-17,3531,7
99,2022-09-17,13,0
1,2022-09-17,4233897,45176
59,2022-09-24,384900,4283
48,2022-09-24,606721,4917
47,2022-09-24,144704,1550
46,2022-09-24,149908,2160
35,2022-09-24,1444227,14312
24,2022-09-24,1196119,16775
10,2022-09-24,51743,239
13,2022-09-24,77460,485
12,2022-09-24,125474,541
11,2022-09-24,51604,60
60,2022-09-24,4891,31
61,2022-09-24,11511,22
62,2022-09-24,3531,7
99,2022-09-24,13,0
1,2022-09-24,4252806,45382
59,2022-10-01,385599,4321
48,2022-10-01,608111,4949
47,2022-10-01,145260,1565
46,2022-10-01,150213,2177
35,2022-10-01,1453370,14369
24,2022-10-01,1202185,16827
10,2022-10-01,51955,243
13,2022-10-01,78056,490
12,2022-10-01,126598,544
11,2022-10-01,51919,61
60,2022-10-01,4908,31
61,2022-10-01,11511,22
62,2022-10-01,3531,7
99,2022-10-01,13,0
1,2022-10-01,4273229,45606
59,2022-10-08,386293,4370
48,2022-10-08,609479,4983
47,2022-10-08,145734,1586
46,2022-10-08,150554,2190
35,2022-10-08,1462015,14457
24,2022-10-08,1208538,16887
10,2022-10-08,52111,246
13,2022-10-08,78687,493
12,2022-10-08,127608,552
11,2022-10-08,52229,63
60,2022-10-08,4923,31
61,2022-10-08,11511,22
62,2022-10-08,3531,7
99,2022-10-08,13,0
1,2022-10-08,4293226,45887
59,2022-10-15,386920,4423
48,2022-10-15,610797,5016
47,2022-10-15,146222,1599
46,2022-10-15,150957,2199
35,2022-10-15,1471704,14522
24,2022-10-15,1215148,16943
10,2022-10-15,52335,250
13,2022-10-15,79434,576
12,2022-10-15,128714,567
11,2022-10-15,52683,64
60,2022-10-15,4929,31
61,2022-10-15,11511,22
62,2022-10-15,3531,7
99,2022-10-15,13,0
1,2022-10-15,4314898,46219
59,2022-10-22,387451,4485
48,2022-10-22,612204,5056
47,2022-10-22,146888,1628
46,2022-10-22,151319,2211
35,2022-10-22,1482037,14639
24,2022-10-22,1221216,17015
10,2022-10-22,52552,254
13,2022-10-22,80126,585
12,2022-10-22,129705,583
11,2022-10-22,53199,66
60,2022-10-22,4941,31
61,2022-10-22,11511,22
62,2022-10-22,3531,7
99,2022-10-22,13,0
1,2022-10-22,4336693,46582
59,2022-10-29,387936,4525
48,2022-10-29,613546,5099
47,2022-10-29,147688,1648
46,2022-10-29,151730,2232
35,2022-10-29,1492399,14765
24,2022-10-29,1227198,17097
10,2022-10-29,52802,257
13,2022-10-29,80715,592
12,2022-10-29,130534,598
11,2022-10-29,53561,69
60,2022-10-29,4954,32
61,2022-10-29,11511,22
62,2022-10-29,3531,7
99,2022-10-29,13,0
1,2022-10-29,4358118,46943
59,2022-11-05,388497,4552
48,2022-11-05,614942,5135
47,2022-11-05,148288,1678
46,2022-11-05,152072,2256
35,2022-11-05,1500910,14893
24,2022-11-05,1232907,17169
10,2022-11-05,52973,262
13,2022-11-05,81269,599
12,2022-11-05,131239,613
11,2022-11-05,53797,72
60,2022-11-05,4974,32
61,2022-11-05,11511,22
62,2022-11-05,3531,7
99,2022-11-05,13,0
1,2022-11-05,4376923,47290
59,2022-11-12,388984,4607
48,2022-11-12,616255,5175
47,2022-11-12,148736,1691
46,2022-11-12,152345,2261
35,2022-11-12,1507773,15016
24,2022-11-12,1238188,17219
10,2022-11-12,53150,268
13,2022-11-12,81787,603
12,2022-11-12,131825,628
11,2022-11-12,53977,74
60,2022-11-12,4989,32
61,2022-11-12,11511,22
62,2022-11-12,3531,7
99,2022-11-12,13,0
1,2022-11-12,4393064,47603
59,2022-11-19,389479,4642
48,2022-11-19,617631,5233
47,2022-11-19,149189,1719
46,2022-11-19,152659,2277
35,2022-11-19,1513503,15127
24,2022-11-19,1243512,17279
10,2022-11-19,53299,271
13,2022-11-19,82223,609
12,2022-11-19,132351,639
11,2022-11-19,54257,76
60,2022-11-19,4989,32
61,2022-11-19,11511,22
62,2022-11-19,3531,7
99,2022-11-19,13,0
1,2022-11-19,4408147,47933
59,2022-11-26,390087,4680
48,2022-11-26,618995,5276
47,2022-11-26,149678,1740
46,2022-11-26,152940,2293
35,2022-11-26,1518273,15208
24,2022-11-26,1249701,17340
10,2022-11-26,53465,275
13,2022-11-26,82819,615
12,2022-11-26,132887,653
11,2022-11-26,54559,79
60,2022-11-26,4989,32
61,2022-11-26,11511,22
62,2022-11-26,3531,7
99,2022-11-26,13,0
1,2022-11-26,4423448,48220
59,2022-12-03,390626,4715
48,2022-12-03,620148,5318
47,2022-12-03,150139,1763
46,2022-12-03,153194,2301
35,2022-12-03,1524410,15301
24,2022-12-03,1256998,17399
10,2022-12-03,53635,278
13,2022-12-03,83425,621
12,2022-12-03,133406,666
11,2022-12-03,54870,81
60,2022-12-03,4989,32
61,2022-12-03,11511,22
62,2022-12-03,3531,7
99,2022-12-03,13,0
1,2022-12-03,4440895,48504
59,2022-12-10,391285,4760
48,2022-12-10,621194,5345
47,2022-12-10,150566,1779
46,2022-12-10,153349,2305
35,2022-12-10,1530007,15407
24,2022-12-10,1264374,17481
10,2022-12-10,53785,282
13,2022-12-10,84244,628
12,2022-12-10,133919,672
11,2022-12-10,55111,81
60,2022-12-10,4989,32
61,2022-12-10,11511,22
62,2022-12-10,3531,7
99,2022-12-10,13,0
1,2022-12-10,4457878,48801
59,2022-12-17,391897,4806
48,2022-12-17,622157,5376
47,2022-12-17,150942,1800
46,2022-12-17,153507,2331
35,2022-12-17,1536016,15470
24,2022-12-17,1272121,17555
10,2022-12-17,53914,288
13,2022-12-17,84891,722
12,2022-12-17,134483,674
11,2022-12-17,55319,82
60,2022-12-17,4989,32
61,2022-12-17,11511,22
62,2022-12-17,3531,7
99,2022-12-17,13,0
1,2022-12-17,4475291,49165
59,2022-12-24,392453,4883
48,2022-12-24,622980,5404
47,2022-12-24,151268,1807
46,2022-12-24,153650,2369
35,2022-12-24,1543300,15537
24,2022-12-24,1279229,17640
10,2022-12-24,54010,288
13,2022-12-24,84891,722
12,2022-12-24,135141,682
11,2022-12-24,55517,82
60,2022-12-24,4989,32
61,2022-12-24,11511,22
62,2022-12-24,3531,7
99,2022-12-24,13,0
1,2022-12-24,4492483,49475
59,2022-12-31,393145,4896
48,2022-12-31,623849,5429
47,2022-12-31,151570,1822
46,2022-12-31,153784,2369
35,2022-12-31,1549124,15606
24,2022-12-31,1285210,17708
10,2022-12-31,54113,292
13,2022-12-31,85897,740
12,2022-12-31,135956,691
11,2022-12-31,55679,82
60,2022-12-31,4989,32
61,2022-12-31,11511,22
62,2022-12-31,3531,7
99,2022-12-31,13,0
1,2022-12-31,4508371,49696
59,2023-01-07,393804,4961
48,2023-01-07,624817,5452
47,2023-01-07,151941,1833
46,2023-01-07,153919,2394
35,2023-01-07,1556580,15712
24,2023-01-07,1290685,17773
10,2023-01-07,54255,292
13,2023-01-07,86418,749
12,2023-01-07,136944,699
11,2023-01-07,55825,83
60,2023-01-07,4989,32
61,2023-01-07,11511,22
62,2023-01-07,3531,7
99,2023-01-07,13,0
1,2023-01-07,4525232,50009
59,2023-01-14,394366,5007
48,2023-01-14,625746,5483
47,2023-01-14,152258,1845
46,2023-01-14,154041,2403
35,2023-01-14,1562813,15794
24,2023-01-14,1295078,17839
10,2023-01-14,54332,296
13,2023-01-14,86851,762
12,2023-01-14,137669,705
11,2023-01-14,55985,85
60,2023-01-14,4989,32
61,2023-01-14,11511,22
62,2023-01-14,3531,7
99,2023-01-14,13,0
1,2023-01-14,4539183,50280
59,2023-01-21,394774,5061
48,2023-01-21,626413,5514
47,2023-01-21,152531,1857
46,2023-01-21,154100,2418
35,2023-01-21,1567935,15872
24,2023-01-21,1298709,17902
10,2023-01-21,54412,296
13,2023-01-21,87172,773
12,2023-01-21,138331,715
11,2023-01-21,56136,85
60,2023-01-21,4989,32
61,2023-01-21,11511,22
62,2023-01-21,3531,7
99,2023-01-21,13,0
1,2023-01-21,4550557,50554
59,2023-01-28,395070,5106
48,2023-01-28,627015,5541
47,2023-01-28,152773,1867
46,2023-01-28,154196,2428
35,2023-01-28,1572917,15935
24,2023-01-28,1301772,17944
10,2023-01-28,54473,304
13,2023-01-28,87435,781
12,2023-01-28,139013,724
11,2023-01-28,56201,88
60,2023-01-28,4989,32
61,2023-01-28,11511,22
62,2023-01-28,3531,7
99,2023-01-28,13,0
1,2023-01-28,4560909,50779