weatherid,date,temperature,proportionfullyvaccinated,ratechangecases
1011500,2020-12-01,5.6,0.0,817.275
1011500,2021-01-01,5.3,0.06,1136.35
1011500,2021-02-01,4.1,0.825,1408.045
1011500,2021-03-01,7.2,1.7,1687.38
1011500,2021-04-01,10.9,1.7,2145.95
1011500,2021-05-01,13.4,2.52,2592.694
1011500,2021-06-01,19.3,15.1,2754.15
1011500,2021-07-01,21.3,46.48,2794.28
1011500,2021-08-01,20.2,65.325,2969.5674
1011500,2021-09-01,15.6,69.925,3313.295
1011500,2021-10-01,9.9,73.94,3705.672
1011500,2021-11-01,7.0,76.85,4011.71
1011500,2021-12-01,2.2,78.075,4264.0225
1011500,2022-01-01,4.0,77.68,5514.764
1011500,2022-02-01,5.3,79.4,6409.1377
1011500,2022-03-01,7.7,80.75,6634.89
1011500,2022-04-01,7.9,81.36667000000001,6790.928
1011500,2022-05-01,11.1,81.65,6951.26
1011500,2022-06-01,16.1,81.9,7023.9927
1011500,2022-07-01,20.0,82.0,7093.469999999999
1011500,2022-08-01,21.3,82.1,7169.3677
1011500,2022-09-01,17.7,82.2,7218.2476
1011500,2022-10-01,13.8,82.2,7272.35
1011500,2022-11-01,4.3,82.5,7317.8774
1011500,2022-12-01,2.2,82.7,7367.123999999999
1011500,2023-01-01,5.5,82.95,7416.4224
1012475,2020-12-01,7.2,0.0,817.275
1012475,2021-01-01,7.1,0.06,1136.35
1012475,2021-02-01,5.1,0.825,1408.045
1012475,2021-03-01,7.2,1.7,1687.38
1012475,2021-04-01,9.9,1.7,2145.95
1012475,2021-05-01,11.3,2.52,2592.694
1012475,2021-06-01,15.1,15.1,2754.15
1012475,2021-07-01,14.8,46.48,2794.28
1012475,2021-08-01,15.9,65.325,2969.5674
1012475,2021-09-01,13.7,69.925,3313.295
1012475,2021-10-01,10.5,73.94,3705.672
1012475,2021-11-01,8.9,76.85,4011.71
1012475,2021-12-01,3.8,78.075,4264.0225
1012475,2022-01-01,5.7,77.68,5514.764
1012475,2022-02-01,6.1,79.4,6409.1377
1012475,2022-03-01,7.8,80.75,6634.89
1012475,2022-04-01,8.1,81.36667000000001,6790.928
1012475,2022-05-01,10.4,81.65,6951.26
1012475,2022-06-01,13.7,81.9,7023.9927
1012475,2022-07-01,15.1,82.0,7093.469999999999
1012475,2022-08-01,16.3,82.1,7169.3677
1012475,2022-09-01,15.1,82.2,7218.2476
1012475,2022-10-01,12.6,82.2,7272.35
1012475,2022-11-01,6.4,82.5,7317.8774
1012475,2022-12-01,4.3,82.7,7367.123999999999
1012475,2023-01-01,6.9,82.95,7416.4224
1012710,2020-12-01,6.5,0.0,817.275
1012710,2021-01-01,6.3,0.06,1136.35
1012710,2021-02-01,4.6,0.825,1408.045
1012710,2021-03-01,6.5,1.7,1687.38
1012710,2021-04-01,9.8,1.7,2145.95
1012710,2021-05-01,12.1,2.52,2592.694
1012710,2021-06-01,15.9,15.1,2754.15
1012710,2021-07-01,17.1,46.48,2794.28
1012710,2021-08-01,16.8,65.325,2969.5674
1012710,2021-09-01,14.1,69.925,3313.295
1012710,2021-10-01,10.1,73.94,3705.672
1012710,2021-11-01,8.3,76.85,4011.71
1012710,2021-12-01,3.2,78.075,4264.0225
1012710,2022-01-01,5.1,77.68,5514.764
1012710,2022-02-01,5.6,79.4,6409.1377
1012710,2022-03-01,7.5,80.75,6634.89
1012710,2022-04-01,7.9,81.36667000000001,6790.928
1012710,2022-05-01,10.7,81.65,6951.26
1012710,2022-06-01,14.5,81.9,7023.9927
1012710,2022-07-01,16.3,82.0,7093.469999999999
1012710,2022-08-01,17.4,82.1,7169.3677
1012710,2022-09-01,15.8,82.2,7218.2476
1012710,2022-10-01,12.1,82.2,7272.35
1012710,2022-11-01,5.7,82.5,7317.8774
1012710,2022-12-01,3.7,82.7,7367.123999999999
1012710,2023-01-01,6.5,82.95,7416.4224
1014820,2020-12-01,4.7,0.0,817.275
1014820,2021-01-01,3.8,0.06,1136.35
1014820,2021-02-01,2.3,0.825,1408.045
1014820,2021-03-01,5.3,1.7,1687.38
1014820,2021-04-01,9.7,1.7,2145.95
1014820,2021-05-01,11.9,2.52,2592.694
1014820,2021-06-01,18.4,15.1,2754.15
1014820,2021-07-01,20.5,46.48,2794.28
1014820,2021-08-01,19.5,65.325,2969.5674
1014820,2021-09-01,14.7,69.925,3313.295
1014820,2021-10-01,8.5,73.94,3705.672
1014820,2021-11-01,5.9,76.85,4011.71
1014820,2021-12-01,0.0,78.075,4264.0225
1014820,2022-01-01,2.9,77.68,5514.764
1014820,2022-02-01,3.7,79.4,6409.1377
1014820,2022-03-01,6.0,80.75,6634.89
1014820,2022-04-01,5.8,81.36667000000001,6790.928
1014820,2022-05-01,9.3,81.65,6951.26
1014820,2022-06-01,14.5,81.9,7023.9927
1014820,2022-07-01,19.3,82.0,7093.469999999999
1014820,2022-08-01,21.0,82.1,7169.3677
1014820,2022-09-01,17.8,82.2,7218.2476
1014820,2022-10-01,13.8,82.2,7272.35
1014820,2022-11-01,3.3,82.5,7317.8774
1014820,2022-12-01,0.6,82.7,7367.123999999999
1014820,2023-01-01,3.8,82.95,7416.4224
1015630,2020-12-01,4.4,0.0,817.275
1015630,2021-01-01,4.6,0.06,1136.35
1015630,2021-02-01,3.6,0.825,1408.045
1015630,2021-03-01,6.0,1.7,1687.38
1015630,2021-04-01,9.8,1.7,2145.95
1015630,2021-05-01,12.9,2.52,2592.694
1015630,2021-06-01,18.4,15.1,2754.15
1015630,2021-07-01,20.3,46.48,2794.28
1015630,2021-08-01,18.8,65.325,2969.5674
1015630,2021-09-01,15.2,69.925,3313.295
1015630,2021-10-01,9.4,73.94,3705.672
1015630,2021-11-01,6.6,76.85,4011.71
1015630,2021-12-01,1.3,78.075,4264.0225
1015630,2022-01-01,3.3,77.68,5514.764
1015630,2022-02-01,4.2,79.4,6409.1377
1015630,2022-03-01,7.2,80.75,6634.89
1015630,2022-04-01,7.1,81.36667000000001,6790.928
1015630,2022-05-01,10.7,81.65,6951.26
1015630,2022-06-01,15.8,81.9,7023.9927
1015630,2022-07-01,19.8,82.0,7093.469999999999
1015630,2022-08-01,20.7,82.1,7169.3677
1015630,2022-09-01,16.7,82.2,7218.2476
1015630,2022-10-01,12.8,82.2,7272.35
1015630,2022-11-01,3.6,82.5,7317.8774
1015630,2022-12-01,1.4,82.7,7367.123999999999
1015630,2023-01-01,4.9,82.95,7416.4224
2100155,2020-12-01,-20.8,0.0,130.74
2100155,2021-01-01,-22.1,0.0,157.12
2100155,2021-02-01,-25.0,4.175,162.71
2100155,2021-03-01,-16.9,23.3,164.9925
2100155,2021-04-01,-4.2,40.875,173.5575
2100155,2021-05-01,6.6,53.92,189.546
2100155,2021-06-01,12.7,59.15,347.1175
2100155,2021-07-01,14.7,66.42,1128.594
2100155,2021-08-01,11.4,70.225,1499.235
2100155,2021-09-01,3.6,71.9,1630.5475
2100155,2021-10-01,-6.1,73.18,1915.094
2100155,2021-11-01,-21.9,74.35,2899.705
2100155,2021-12-01,-23.1,75.7,3669.8726
2100155,2022-01-01,-25.4,75.6,5766.746
2100155,2022-02-01,-17.5,77.75,7606.3623
2100155,2022-03-01,-11.1,79.275,8240.655
2100155,2022-04-01,-4.8,79.86667000000001,9203.68
2100155,2022-05-01,5.9,80.25,9889.473
2100155,2022-06-01,13.6,80.5,10104.705
2100155,2022-07-01,14.5,80.6,10433.214
2100155,2022-08-01,11.9,80.6,10918.268
2100155,2022-09-01,5.7,80.7,11107.81
2100155,2022-10-01,-5.1,80.9,11260.818
2100155,2022-11-01,-17.3,81.1,11384.707
2100155,2022-12-01,-25.8,81.3,11393.27
2100155,2023-01-01,-21.0,81.45,11393.27
2100181,2020-12-01,-14.9,0.0,130.74
2100181,2021-01-01,-14.3,0.0,157.12
2100181,2021-02-01,-20.4,4.175,162.71
2100181,2021-03-01,-14.9,23.3,164.9925
2100181,2021-04-01,-2.2,40.875,173.5575
2100181,2021-05-01,5.5,53.92,189.546
2100181,2021-06-01,11.8,59.15,347.1175
2100181,2021-07-01,13.1,66.42,1128.594
2100181,2021-08-01,11.0,70.225,1499.235
2100181,2021-09-01,4.2,71.9,1630.5475
2100181,2021-10-01,-1.9,73.18,1915.094
2100181,2021-11-01,-17.8,74.35,2899.705
2100181,2021-12-01,-21.4,75.7,3669.8726
2100181,2022-01-01,-19.7,75.6,5766.746
2100181,2022-02-01,-12.1,77.75,7606.3623
2100181,2022-03-01,-9.4,79.275,8240.655
2100181,2022-04-01,-4.6,79.86667000000001,9203.68
2100181,2022-05-01,4.3,80.25,9889.473
2100181,2022-06-01,11.9,80.5,10104.705
2100181,2022-07-01,13.4,80.6,10433.214
2100181,2022-08-01,11.1,80.6,10918.268
2100181,2022-09-01,6.1,80.7,11107.81
2100181,2022-10-01,-4.2,80.9,11260.818
2100181,2022-11-01,-12.6,81.1,11384.707
2100181,2022-12-01,-24.4,81.3,11393.27
2100181,2023-01-01,-14.8,81.45,11393.27
2100184,2020-12-01,-14.9,0.0,130.74
2100184,2021-01-01,-14.4,0.0,157.12
2100184,2021-02-01,-20.4,4.175,162.71
2100184,2021-03-01,-15.2,23.3,164.9925
2100184,2021-04-01,-3.3,40.875,173.5575
2100184,2021-05-01,5.5,53.92,189.546
2100184,2021-06-01,11.9,59.15,347.1175
2100184,2021-07-01,13.1,66.42,1128.594
2100184,2021-08-01,11.0,70.225,1499.235
2100184,2021-09-01,4.1,71.9,1630.5475
2100184,2021-10-01,-1.8,73.18,1915.094
2100184,2021-11-01,-17.9,74.35,2899.705
2100184,2021-12-01,-22.1,75.7,3669.8726
2100184,2022-01-01,-20.2,75.6,5766.746
2100184,2022-02-01,-12.1,77.75,7606.3623
2100184,2022-03-01,-9.5,79.275,8240.655
2100184,2022-04-01,-4.9,79.86667000000001,9203.68
2100184,2022-05-01,4.3,80.25,9889.473
2100184,2022-06-01,11.9,80.5,10104.705
2100184,2022-07-01,13.4,80.6,10433.214
2100184,2022-08-01,11.1,80.6,10918.268
2100184,2022-09-01,5.9,80.7,11107.81
2100184,2022-10-01,-2.3,80.9,11260.818
2100184,2022-11-01,-12.8,81.1,11384.707
2100184,2022-12-01,-24.5,81.3,11393.27
2100184,2023-01-01,-15.1,81.45,11393.27
2100301,2020-12-01,-15.1,0.0,130.74
2100301,2021-01-01,-17.8,0.0,157.12
2100301,2021-02-01,-24.4,4.175,162.71
2100301,2021-03-01,-11.8,23.3,164.9925
2100301,2021-04-01,-1.9,40.875,173.5575
2100301,2021-05-01,7.9,53.92,189.546
2100301,2021-06-01,14.7,59.15,347.1175
2100301,2021-07-01,16.1,66.42,1128.594
2100301,2021-08-01,13.9,70.225,1499.235
2100301,2021-09-01,6.7,71.9,1630.5475
2100301,2021-10-01,0.5,73.18,1915.094
2100301,2021-11-01,-14.3,74.35,2899.705
2100301,2021-12-01,-23.7,75.7,3669.8726
2100301,2022-01-01,-20.8,75.6,5766.746
2100301,2022-02-01,-15.5,77.75,7606.3623
2100301,2022-03-01,-6.9,79.275,8240.655
2100301,2022-04-01,-1.6,79.86667000000001,9203.68
2100301,2022-05-01,7.0,80.25,9889.473
2100301,2022-06-01,14.9,80.5,10104.705
2100301,2022-07-01,15.7,80.6,10433.214
2100301,2022-08-01,14.5,80.6,10918.268
2100301,2022-09-01,8.5,80.7,11107.81
2100301,2022-10-01,1.0,80.9,11260.818
2100301,2022-11-01,-13.2,81.1,11384.707
2100301,2022-12-01,-24.1,81.3,11393.27
2100301,2023-01-01,-14.6,81.45,11393.27
2100407,2020-12-01,-22.2,0.0,130.74
2100407,2021-01-01,-19.7,0.0,157.12
2100407,2021-02-01,-28.2,4.175,162.71
2100407,2021-03-01,-14.4,23.3,164.9925
2100407,2021-04-01,-2.8,40.875,173.5575
2100407,2021-05-01,8.2,53.92,189.546
2100407,2021-06-01,15.5,59.15,347.1175
2100407,2021-07-01,16.6,66.42,1128.594
2100407,2021-08-01,13.0,70.225,1499.235
2100407,2021-09-01,5.8,71.9,1630.5475
2100407,2021-10-01,-1.2,73.18,1915.094
2100407,2021-11-01,-19.2,74.35,2899.705
2100407,2021-12-01,-26.1,75.7,3669.8726
2100407,2022-01-01,-26.0,75.6,5766.746
2100407,2022-02-01,-20.7,77.75,7606.3623
2100407,2022-03-01,-10.9,79.275,8240.655
2100407,2022-04-01,-2.8,79.86667000000001,9203.68
2100407,2022-05-01,7.5,80.25,9889.473
2100407,2022-06-01,15.6,80.5,10104.705
2100407,2022-07-01,16.0,80.6,10433.214
2100407,2022-08-01,13.8,80.6,10918.268
2100407,2022-09-01,7.9,80.7,11107.81
2100407,2022-10-01,-2.6,80.9,11260.818
2100407,2022-11-01,-15.0,81.1,11384.707
2100407,2022-12-01,-26.1,81.3,11393.27
2100407,2023-01-01,-15.0,81.45,11393.27
2200105,2020-12-01,-25.0,0.0,44.4025
2200105,2021-01-01,-24.5,0.06,59.644
2200105,2021-02-01,-31.0,4.225,82.7775
2200105,2021-03-01,-23.1,29.15,92.1
2200105,2021-04-01,-10.5,40.925,97.5775
2200105,2021-05-01,1.2,52.64,226.292
2200105,2021-06-01,12.7,52.325,280.67
2200105,2021-07-01,16.3,57.76,280.67
2200105,2021-08-01,10.9,61.6,508.1675
2200105,2021-09-01,5.7,64.05,1430.765
2200105,2021-10-01,-3.4,66.68,3343.054
2200105,2021-11-01,-17.2,69.175,4361.3623
2200105,2021-12-01,-24.2,71.1,4551.5874
2200105,2022-01-01,-26.0,72.24,8393.378
2200105,2022-02-01,-29.3,75.575,16876.438
2200105,2022-03-01,-21.0,76.5,21274.53
2200105,2022-04-01,-12.1,76.9,24426.27
2200105,2022-05-01,1.9,77.15,25071.812
2200105,2022-06-01,9.5,77.2,25230.238
2200105,2022-07-01,15.5,77.2,25240.65
2200105,2022-08-01,12.4,76.2,25240.65
2200105,2022-09-01,6.0,76.3,25240.65
2200105,2022-10-01,-4.6,76.3,25240.65
2200105,2022-11-01,-13.8,76.3,25240.65
2200105,2022-12-01,-24.2,77.3,25240.65
2200105,2023-01-01,-22.7,77.05,25240.65
2200675,2020-12-01,-22.0,0.0,44.4025
2200675,2021-01-01,-22.8,0.06,59.644
2200675,2021-02-01,-31.4,4.225,82.7775
2200675,2021-03-01,-25.2,29.15,92.1
2200675,2021-04-01,-20.1,40.925,97.5775
2200675,2021-05-01,-5.9,52.64,226.292
2200675,2021-06-01,2.8,52.325,280.67
2200675,2021-07-01,6.2,57.76,280.67
2200675,2021-08-01,5.0,61.6,508.1675
2200675,2021-09-01,1.8,64.05,1430.765
2200675,2021-10-01,-1.8,66.68,3343.054
2200675,2021-11-01,-12.2,69.175,4361.3623
2200675,2021-12-01,-24.7,71.1,4551.5874
2200675,2022-01-01,-27.6,72.24,8393.378
2200675,2022-02-01,-29.7,75.575,16876.438
2200675,2022-03-01,-23.7,76.5,21274.53
2200675,2022-04-01,-16.6,76.9,24426.27
2200675,2022-05-01,-2.7,77.15,25071.812
2200675,2022-06-01,4.1,77.2,25230.238
2200675,2022-07-01,8.7,77.2,25240.65
2200675,2022-08-01,6.5,76.2,25240.65
2200675,2022-09-01,2.2,76.3,25240.65
2200675,2022-10-01,-4.4,76.3,25240.65
2200675,2022-11-01,-13.0,76.3,25240.65
2200675,2022-12-01,-23.9,77.3,25240.65
2200675,2023-01-01,-22.3,77.05,25240.65
2200827,2020-12-01,-24.5,0.0,44.4025
2200827,2021-01-01,-25.6,0.06,59.644
2200827,2021-02-01,-32.9,4.225,82.7775
2200827,2021-03-01,-23.5,29.15,92.1
2200827,2021-04-01,-12.0,40.925,97.5775
2200827,2021-05-01,1.2,52.64,226.292
2200827,2021-06-01,11.7,52.325,280.67
2200827,2021-07-01,15.6,57.76,280.67
2200827,2021-08-01,11.3,61.6,508.1675
2200827,2021-09-01,5.8,64.05,1430.765
2200827,2021-10-01,-2.4,66.68,3343.054
2200827,2021-11-01,-17.8,69.175,4361.3623
2200827,2021-12-01,-27.2,71.1,4551.5874
2200827,2022-01-01,-30.5,72.24,8393.378
2200827,2022-02-01,-24.9,75.575,16876.438
2200827,2022-03-01,-18.6,76.5,21274.53
2200827,2022-04-01,-10.5,76.9,24426.27
2200827,2022-05-01,3.9,77.15,25071.812
2200827,2022-06-01,10.8,77.2,25230.238
2200827,2022-07-01,16.3,77.2,25240.65
2200827,2022-08-01,13.5,76.2,25240.65
2200827,2022-09-01,6.2,76.3,25240.65
2200827,2022-10-01,-4.0,76.3,25240.65
2200827,2022-11-01,-14.7,76.3,25240.65
2200827,2022-12-01,-22.7,77.3,25240.65
2200827,2023-01-01,-22.7,77.05,25240.65
2201022,2020-12-01,-21.7,0.0,44.4025
2201022,2021-01-01,-22.4,0.06,59.644
2201022,2021-02-01,-29.4,4.225,82.7775
2201022,2021-03-01,-21.6,29.15,92.1
2201022,2021-04-01,-10.7,40.925,97.5775
2201022,2021-05-01,3.7,52.64,226.292
2201022,2021-06-01,10.7,52.325,280.67
2201022,2021-07-01,14.3,57.76,280.67
2201022,2021-08-01,11.6,61.6,508.1675
2201022,2021-09-01,7.1,64.05,1430.765
2201022,2021-10-01,-0.6,66.68,3343.054
2201022,2021-11-01,-15.8,69.175,4361.3623
2201022,2021-12-01,-26.6,71.1,4551.5874
2201022,2022-01-01,-26.4,72.24,8393.378
2201022,2022-02-01,-26.7,75.575,16876.438
2201022,2022-03-01,-20.6,76.5,21274.53
2201022,2022-04-01,-10.5,76.9,24426.27
2201022,2022-05-01,5.3,77.15,25071.812
2201022,2022-06-01,9.8,77.2,25230.238
2201022,2022-07-01,14.8,77.2,25240.65
2201022,2022-08-01,14.4,76.2,25240.65
2201022,2022-09-01,7.0,76.3,25240.65
2201022,2022-10-01,-1.4,76.3,25240.65
2201022,2022-11-01,-13.1,76.3,25240.65
2201022,2022-12-01,-24.6,77.3,25240.65
2201022,2023-01-01,-20.0,77.05,25240.65
2201023,2020-12-01,-21.0,0.0,44.4025
2201023,2021-01-01,-22.3,0.06,59.644
2201023,2021-02-01,-29.2,4.225,82.7775
2201023,2021-03-01,-21.3,29.15,92.1
2201023,2021-04-01,-10.7,40.925,97.5775
2201023,2021-05-01,3.7,52.64,226.292
2201023,2021-06-01,10.6,52.325,280.67
2201023,2021-07-01,14.4,57.76,280.67
2201023,2021-08-01,11.8,61.6,508.1675
2201023,2021-09-01,6.9,64.05,1430.765
2201023,2021-10-01,-0.6,66.68,3343.054
2201023,2021-11-01,-15.7,69.175,4361.3623
2201023,2021-12-01,-26.5,71.1,4551.5874
2201023,2022-01-01,-26.2,72.24,8393.378
2201023,2022-02-01,-26.2,75.575,16876.438
2201023,2022-03-01,-20.3,76.5,21274.53
2201023,2022-04-01,-10.3,76.9,24426.27
2201023,2022-05-01,5.3,77.15,25071.812
2201023,2022-06-01,9.4,77.2,25230.238
2201023,2022-07-01,14.9,77.2,25240.65
2201023,2022-08-01,14.6,76.2,25240.65
2201023,2022-09-01,7.2,76.3,25240.65
2201023,2022-10-01,-1.5,76.3,25240.65
2201023,2022-11-01,-13.0,76.3,25240.65
2201023,2022-12-01,-24.6,77.3,25240.65
2201023,2023-01-01,-19.9,77.05,25240.65
2300501,2020-12-01,-25.8,0.0,598.38
2300501,2021-01-01,-25.8,0.0,672.1619999999999
2300501,2021-02-01,-29.5,7.375,805.0375
2300501,2021-03-01,-26.8,15.75,949.39
2300501,2021-04-01,-17.1,25.95,1022.1825
2300501,2021-05-01,-6.2,34.4,1462.764
2300501,2021-06-01,5.2,39.625,1614.395
2300501,2021-07-01,11.6,46.58,1621.18
2300501,2021-08-01,10.0,52.025,1621.18
2300501,2021-09-01,5.7,54.125,1629.2025
2300501,2021-10-01,0.7,57.0,1654.7380000000003
2300501,2021-11-01,-13.7,59.875,1663.13
2300501,2021-12-01,-25.1,62.8,1679.1675
2300501,2022-01-01,-30.1,64.04,2930.956
2300501,2022-02-01,-34.0,69.225,5667.965
2300501,2022-03-01,-24.5,71.975,8075.0625
2300501,2022-04-01,-17.9,73.63332999999999,8700.592
2300501,2022-05-01,-5.1,74.55,8712.93
2300501,2022-06-01,9.0,75.1,8712.93
2300501,2022-07-01,14.9,75.5,8712.93
2300501,2022-08-01,11.1,74.9,8712.93
2300501,2022-09-01,5.1,74.9,8712.93
2300501,2022-10-01,-3.7,74.9,8712.93
2300501,2022-11-01,-20.5,74.9,8712.93
2300501,2022-12-01,-26.2,75.0,8712.93
2300501,2023-01-01,-27.1,75.05,8712.93
2300503,2020-12-01,-25.5,0.0,598.38
2300503,2021-01-01,-25.6,0.0,672.1619999999999
2300503,2021-02-01,-29.7,7.375,805.0375
2300503,2021-03-01,-26.7,15.75,949.39
2300503,2021-04-01,-16.5,25.95,1022.1825
2300503,2021-05-01,-5.9,34.4,1462.764
2300503,2021-06-01,5.6,39.625,1614.395
2300503,2021-07-01,11.3,46.58,1621.18
2300503,2021-08-01,10.1,52.025,1621.18
2300503,2021-09-01,5.9,54.125,1629.2025
2300503,2021-10-01,0.7,57.0,1654.7380000000003
2300503,2021-11-01,-14.0,59.875,1663.13
2300503,2021-12-01,-26.6,62.8,1679.1675
2300503,2022-01-01,-30.0,64.04,2930.956
2300503,2022-02-01,-33.5,69.225,5667.965
2300503,2022-03-01,-23.5,71.975,8075.0625
2300503,2022-04-01,-17.8,73.63332999999999,8700.592
2300503,2022-05-01,-5.7,74.55,8712.93
2300503,2022-06-01,8.4,75.1,8712.93
2300503,2022-07-01,14.4,75.5,8712.93
2300503,2022-08-01,12.3,74.9,8712.93
2300503,2022-09-01,4.5,74.9,8712.93
2300503,2022-10-01,-5.4,74.9,8712.93
2300503,2022-11-01,-20.7,74.9,8712.93
2300503,2022-12-01,-26.4,75.0,8712.93
2300503,2023-01-01,-27.5,75.05,8712.93
2300504,2020-12-01,-25.4,0.0,598.38
2300504,2021-01-01,-25.4,0.0,672.1619999999999
2300504,2021-02-01,-29.2,7.375,805.0375
2300504,2021-03-01,-26.5,15.75,949.39
2300504,2021-04-01,-16.8,25.95,1022.1825
2300504,2021-05-01,-5.9,34.4,1462.764
2300504,2021-06-01,5.0,39.625,1614.395
2300504,2021-07-01,11.3,46.58,1621.18
2300504,2021-08-01,10.0,52.025,1621.18
2300504,2021-09-01,5.9,54.125,1629.2025
2300504,2021-10-01,0.8,57.0,1654.7380000000003
2300504,2021-11-01,-13.5,59.875,1663.13
2300504,2021-12-01,-25.1,62.8,1679.1675
2300504,2022-01-01,-29.8,64.04,2930.956
2300504,2022-02-01,-33.5,69.225,5667.965
2300504,2022-03-01,-23.5,71.975,8075.0625
2300504,2022-04-01,-17.4,73.63332999999999,8700.592
2300504,2022-05-01,-4.8,74.55,8712.93
2300504,2022-06-01,8.3,75.1,8712.93
2300504,2022-07-01,14.7,75.5,8712.93
2300504,2022-08-01,11.4,74.9,8712.93
2300504,2022-09-01,5.0,74.9,8712.93
2300504,2022-10-01,-4.7,74.9,8712.93
2300504,2022-11-01,-20.3,74.9,8712.93
2300504,2022-12-01,-26.2,75.0,8712.93
2300504,2023-01-01,-27.0,75.05,8712.93
2300551,2020-12-01,-26.7,0.0,598.38
2300551,2021-01-01,-24.2,0.0,672.1619999999999
2300551,2021-02-01,-28.8,7.375,805.0375
2300551,2021-03-01,-24.4,15.75,949.39
2300551,2021-04-01,-16.9,25.95,1022.1825
2300551,2021-05-01,-4.3,34.4,1462.764
2300551,2021-06-01,6.7,39.625,1614.395
2300551,2021-07-01,12.3,46.58,1621.18
2300551,2021-08-01,10.6,52.025,1621.18
2300551,2021-09-01,5.7,54.125,1629.2025
2300551,2021-10-01,0.1,57.0,1654.7380000000003
2300551,2021-11-01,-13.2,59.875,1663.13
2300551,2021-12-01,-25.8,62.8,1679.1675
2300551,2022-01-01,-27.5,64.04,2930.956
2300551,2022-02-01,-28.6,69.225,5667.965
2300551,2022-03-01,-21.6,71.975,8075.0625
2300551,2022-04-01,-15.6,73.63332999999999,8700.592
2300551,2022-05-01,-1.1,74.55,8712.93
2300551,2022-06-01,8.1,75.1,8712.93
2300551,2022-07-01,15.1,75.5,8712.93
2300551,2022-08-01,12.0,74.9,8712.93
2300551,2022-09-01,5.3,74.9,8712.93
2300551,2022-10-01,-2.7,74.9,8712.93
2300551,2022-11-01,-15.4,74.9,8712.93
2300551,2022-12-01,-26.4,75.0,8712.93
2300551,2023-01-01,-25.6,75.05,8712.93
2300710,2020-12-01,-22.5,0.0,598.38
2300710,2021-01-01,-23.8,0.0,672.1619999999999
2300710,2021-02-01,-26.9,7.375,805.0375
2300710,2021-03-01,-25.1,15.75,949.39
2300710,2021-04-01,-14.2,25.95,1022.1825
2300710,2021-05-01,-4.9,34.4,1462.764
2300710,2021-06-01,5.2,39.625,1614.395
2300710,2021-07-01,10.8,46.58,1621.18
2300710,2021-08-01,8.7,52.025,1621.18
2300710,2021-09-01,4.4,54.125,1629.2025
2300710,2021-10-01,1.1,57.0,1654.7380000000003
2300710,2021-11-01,-10.4,59.875,1663.13
2300710,2021-12-01,-21.4,62.8,1679.1675
2300710,2022-01-01,-29.1,64.04,2930.956
2300710,2022-02-01,-33.8,69.225,5667.965
2300710,2022-03-01,-24.6,71.975,8075.0625
2300710,2022-04-01,-17.1,73.63332999999999,8700.592
2300710,2022-05-01,-4.2,74.55,8712.93
2300710,2022-06-01,6.3,75.1,8712.93
2300710,2022-07-01,12.7,75.5,8712.93
2300710,2022-08-01,11.3,74.9,8712.93
2300710,2022-09-01,5.5,74.9,8712.93
2300710,2022-10-01,-1.7,74.9,8712.93
2300710,2022-11-01,-16.9,74.9,8712.93
2300710,2022-12-01,-21.4,75.0,8712.93
2300710,2023-01-01,-27.2,75.05,8712.93
3010010,2020-12-01,-8.2,0.0,1844.9525
3010010,2021-01-01,-10.9,0.15,2546.416
3010010,2021-02-01,-18.0,1.275,2859.775
3010010,2021-03-01,-2.8,2.1,3091.9624
3010010,2021-04-01,3.5,4.375,3658.42
3010010,2021-05-01,9.4,7.32,4721.226
3010010,2021-06-01,16.9,20.5,5076.5073
3010010,2021-07-01,18.4,48.84,5130.928
3010010,2021-08-01,14.7,57.725,5350.0723
3010010,2021-09-01,10.3,60.8,6060.525
3010010,2021-10-01,2.5,65.34,6926.992000000001
3010010,2021-11-01,-4.8,69.65,7290.3926
3010010,2021-12-01,-19.5,71.425,7549.2827
3010010,2022-01-01,-13.7,71.44,9633.622
3010010,2022-02-01,-12.3,73.1,11358.652
3010010,2022-03-01,-6.2,73.9,11731.42
3010010,2022-04-01,0.5,74.333336,12247.696
3010010,2022-05-01,8.7,74.65,12731.91
3010010,2022-06-01,13.7,74.9,12909.74
3010010,2022-07-01,16.1,75.0,13035.818
3010010,2022-08-01,16.1,75.1,13198.782
3010010,2022-09-01,11.7,75.2,13311.995
3010010,2022-10-01,6.0,75.4,13445.134
3010010,2022-11-01,-9.1,75.5,13580.025
3010010,2022-12-01,-19.2,75.6,13692.502000000002
3010010,2023-01-01,-10.4,75.75,13779.053
3010060,2020-12-01,-7.6,0.0,1844.9525
3010060,2021-01-01,-10.1,0.15,2546.416
3010060,2021-02-01,-17.8,1.275,2859.775
3010060,2021-03-01,-1.1,2.1,3091.9624
3010060,2021-04-01,3.0,4.375,3658.42
3010060,2021-05-01,9.3,7.32,4721.226
3010060,2021-06-01,17.4,20.5,5076.5073
3010060,2021-07-01,18.5,48.84,5130.928
3010060,2021-08-01,16.8,57.725,5350.0723
3010060,2021-09-01,11.8,60.8,6060.525
3010060,2021-10-01,3.5,65.34,6926.992000000001
3010060,2021-11-01,-4.2,69.65,7290.3926
3010060,2021-12-01,-17.7,71.425,7549.2827
3010060,2022-01-01,-12.6,71.44,9633.622
3010060,2022-02-01,-11.2,73.1,11358.652
3010060,2022-03-01,-4.3,73.9,11731.42
3010060,2022-04-01,1.9,74.333336,12247.696
3010060,2022-05-01,10.0,74.65,12731.91
3010060,2022-06-01,14.8,74.9,12909.74
3010060,2022-07-01,17.4,75.0,13035.818
3010060,2022-08-01,18.0,75.1,13198.782
3010060,2022-09-01,12.6,75.2,13311.995
3010060,2022-10-01,6.2,75.4,13445.134
3010060,2022-11-01,-9.3,75.5,13580.025
3010060,2022-12-01,-19.2,75.6,13692.502000000002
3010060,2023-01-01,-10.3,75.75,13779.053
3010162,2020-12-01,-6.0,0.0,1844.9525
3010162,2021-01-01,-7.3,0.15,2546.416
3010162,2021-02-01,-16.8,1.275,2859.775
3010162,2021-03-01,0.4,2.1,3091.9624
3010162,2021-04-01,3.4,4.375,3658.42
3010162,2021-05-01,9.6,7.32,4721.226
3010162,2021-06-01,17.7,20.5,5076.5073
3010162,2021-07-01,19.2,48.84,5130.928
3010162,2021-08-01,17.5,57.725,5350.0723
3010162,2021-09-01,12.9,60.8,6060.525
3010162,2021-10-01,5.4,65.34,6926.992000000001
3010162,2021-11-01,-1.4,69.65,7290.3926
3010162,2021-12-01,-16.1,71.425,7549.2827
3010162,2022-01-01,-10.3,71.44,9633.622
3010162,2022-02-01,-8.5,73.1,11358.652
3010162,2022-03-01,-2.4,73.9,11731.42
3010162,2022-04-01,2.5,74.333336,12247.696
3010162,2022-05-01,10.2,74.65,12731.91
3010162,2022-06-01,14.4,74.9,12909.74
3010162,2022-07-01,17.8,75.0,13035.818
3010162,2022-08-01,18.9,75.1,13198.782
3010162,2022-09-01,13.7,75.2,13311.995
3010162,2022-10-01,7.4,75.4,13445.134
3010162,2022-11-01,-8.0,75.5,13580.025
3010162,2022-12-01,-16.5,75.6,13692.502000000002
3010162,2023-01-01,-8.0,75.75,13779.053
3010237,2020-12-01,-7.8,0.0,1844.9525
3010237,2021-01-01,-10.4,0.15,2546.416
3010237,2021-02-01,-17.2,1.275,2859.775
3010237,2021-03-01,-2.3,2.1,3091.9624
3010237,2021-04-01,3.4,4.375,3658.42
3010237,2021-05-01,9.6,7.32,4721.226
3010237,2021-06-01,17.0,20.5,5076.5073
3010237,2021-07-01,17.7,48.84,5130.928
3010237,2021-08-01,16.0,57.725,5350.0723
3010237,2021-09-01,11.9,60.8,6060.525
3010237,2021-10-01,3.6,65.34,6926.992000000001
3010237,2021-11-01,-3.9,69.65,7290.3926
3010237,2021-12-01,-18.7,71.425,7549.2827
3010237,2022-01-01,-13.4,71.44,9633.622
3010237,2022-02-01,-12.4,73.1,11358.652
3010237,2022-03-01,-6.6,73.9,11731.42
3010237,2022-04-01,1.0,74.333336,12247.696
3010237,2022-05-01,10.1,74.65,12731.91
3010237,2022-06-01,14.8,74.9,12909.74
3010237,2022-07-01,17.0,75.0,13035.818
3010237,2022-08-01,17.6,75.1,13198.782
3010237,2022-09-01,12.6,75.2,13311.995
3010237,2022-10-01,5.9,75.4,13445.134
3010237,2022-11-01,-9.4,75.5,13580.025
3010237,2022-12-01,-19.6,75.6,13692.502000000002
3010237,2023-01-01,-10.4,75.75,13779.053
3010650,2020-12-01,-6.8,0.0,1844.9525
3010650,2021-01-01,-8.6,0.15,2546.416
3010650,2021-02-01,-15.9,1.275,2859.775
3010650,2021-03-01,1.3,2.1,3091.9624
3010650,2021-04-01,3.2,4.375,3658.42
3010650,2021-05-01,10.4,7.32,4721.226
3010650,2021-06-01,17.4,20.5,5076.5073
3010650,2021-07-01,19.2,48.84,5130.928
3010650,2021-08-01,17.5,57.725,5350.0723
3010650,2021-09-01,13.9,60.8,6060.525
3010650,2021-10-01,6.2,65.34,6926.992000000001
3010650,2021-11-01,-1.0,69.65,7290.3926
3010650,2021-12-01,-18.2,71.425,7549.2827
3010650,2022-01-01,-9.4,71.44,9633.622
3010650,2022-02-01,-13.8,73.1,11358.652
3010650,2022-03-01,-3.9,73.9,11731.42
3010650,2022-04-01,3.2,74.333336,12247.696
3010650,2022-05-01,12.1,74.65,12731.91
3010650,2022-06-01,15.5,74.9,12909.74
3010650,2022-07-01,18.1,75.0,13035.818
3010650,2022-08-01,19.8,75.1,13198.782
3010650,2022-09-01,14.2,75.2,13311.995
3010650,2022-10-01,7.6,75.4,13445.134
3010650,2022-11-01,-8.2,75.5,13580.025
3010650,2022-12-01,-17.3,75.6,13692.502000000002
3010650,2023-01-01,-8.7,75.75,13779.053
4010811,2020-12-01,-8.1,0.0,1034.0175
4010811,2021-01-01,-9.8,0.14,1660.174
4010811,2021-02-01,-18.5,1.175,2250.205
4010811,2021-03-01,-0.7,2.6,2602.04
4010811,2021-04-01,3.3,3.525,3093.835
4010811,2021-05-01,9.4,4.76,3693.362
4010811,2021-06-01,17.5,21.95,4022.57
4010811,2021-07-01,20.9,49.44,4138.724
4010811,2021-08-01,17.5,57.175,4341.885
4010811,2021-09-01,13.8,60.0,5033.2573
4010811,2021-10-01,6.3,64.54,6150.938
4010811,2021-11-01,-2.1,69.0,6676.415
4010811,2021-12-01,-14.7,71.0,6869.1025
4010811,2022-01-01,-14.1,72.84,8352.924
4010811,2022-02-01,-15.5,74.85,10539.522
4010811,2022-03-01,-6.1,75.375,10932.39
4010811,2022-04-01,0.7,75.63332999999999,11301.412
4010811,2022-05-01,10.9,75.85,11549.33
4010811,2022-06-01,16.6,76.0,11658.155
4010811,2022-07-01,18.8,76.1,11750.24
4010811,2022-08-01,18.9,76.1,11891.628
4010811,2022-09-01,14.3,76.2,12051.15
4010811,2022-10-01,5.8,76.4,12249.584
4010811,2022-11-01,-8.0,76.6,12468.393
4010811,2022-12-01,-17.0,76.7,12629.444
4010811,2023-01-01,-11.9,76.95,12753.21
4010879,2020-12-01,-7.7,0.0,1034.0175
4010879,2021-01-01,-10.0,0.14,1660.174
4010879,2021-02-01,-19.0,1.175,2250.205
4010879,2021-03-01,-1.1,2.6,2602.04
4010879,2021-04-01,3.1,3.525,3093.835
4010879,2021-05-01,8.9,4.76,3693.362
4010879,2021-06-01,17.7,21.95,4022.57
4010879,2021-07-01,20.5,49.44,4138.724
4010879,2021-08-01,17.0,57.175,4341.885
4010879,2021-09-01,14.0,60.0,5033.2573
4010879,2021-10-01,6.8,64.54,6150.938
4010879,2021-11-01,-2.4,69.0,6676.415
4010879,2021-12-01,-15.3,71.0,6869.1025
4010879,2022-01-01,-16.0,72.84,8352.924
4010879,2022-02-01,-17.3,74.85,10539.522
4010879,2022-03-01,-6.9,75.375,10932.39
4010879,2022-04-01,-1.3,75.63332999999999,11301.412
4010879,2022-05-01,10.5,75.85,11549.33
4010879,2022-06-01,15.7,76.0,11658.155
4010879,2022-07-01,18.5,76.1,11750.24
4010879,2022-08-01,18.6,76.1,11891.628
4010879,2022-09-01,13.7,76.2,12051.15
4010879,2022-10-01,5.2,76.4,12249.584
4010879,2022-11-01,-7.5,76.6,12468.393
4010879,2022-12-01,-17.2,76.7,12629.444
4010879,2023-01-01,-12.5,76.95,12753.21
4012403,2020-12-01,-6.6,0.0,1034.0175
4012403,2021-01-01,-9.3,0.14,1660.174
4012403,2021-02-01,-18.5,1.175,2250.205
4012403,2021-03-01,0.7,2.6,2602.04
4012403,2021-04-01,4.3,3.525,3093.835
4012403,2021-05-01,9.9,4.76,3693.362
4012403,2021-06-01,18.7,21.95,4022.57
4012403,2021-07-01,21.7,49.44,4138.724
4012403,2021-08-01,18.9,57.175,4341.885
4012403,2021-09-01,15.3,60.0,5033.2573
4012403,2021-10-01,7.4,64.54,6150.938
4012403,2021-11-01,-1.2,69.0,6676.415
4012403,2021-12-01,-14.2,71.0,6869.1025
4012403,2022-01-01,-14.4,72.84,8352.924
4012403,2022-02-01,-14.7,74.85,10539.522
4012403,2022-03-01,-4.5,75.375,10932.39
4012403,2022-04-01,-0.7,75.63332999999999,11301.412
4012403,2022-05-01,11.1,75.85,11549.33
4012403,2022-06-01,16.9,76.0,11658.155
4012403,2022-07-01,19.4,76.1,11750.24
4012403,2022-08-01,19.8,76.1,11891.628
4012403,2022-09-01,17.0,76.2,12051.15
4012403,2022-10-01,4.2,76.4,12249.584
4012403,2022-11-01,-7.0,76.6,12468.393
4012403,2022-12-01,-16.3,76.7,12629.444
4012403,2023-01-01,-12.0,76.95,12753.21
4012410,2020-12-01,-6.5,0.0,1034.0175
4012410,2021-01-01,-8.7,0.14,1660.174
4012410,2021-02-01,-17.4,1.175,2250.205
4012410,2021-03-01,1.3,2.6,2602.04
4012410,2021-04-01,3.0,3.525,3093.835
4012410,2021-05-01,11.1,4.76,3693.362
4012410,2021-06-01,18.6,21.95,4022.57
4012410,2021-07-01,21.7,49.44,4138.724
4012410,2021-08-01,18.3,57.175,4341.885
4012410,2021-09-01,15.3,60.0,5033.2573
4012410,2021-10-01,7.5,64.54,6150.938
4012410,2021-11-01,-1.0,69.0,6676.415
4012410,2021-12-01,-14.0,71.0,6869.1025
4012410,2022-01-01,-14.3,72.84,8352.924
4012410,2022-02-01,-14.5,74.85,10539.522
4012410,2022-03-01,-4.3,75.375,10932.39
4012410,2022-04-01,-0.5,75.63332999999999,11301.412
4012410,2022-05-01,11.2,75.85,11549.33
4012410,2022-06-01,16.7,76.0,11658.155
4012410,2022-07-01,19.4,76.1,11750.24
4012410,2022-08-01,19.9,76.1,11891.628
4012410,2022-09-01,15.2,76.2,12051.15
4012410,2022-10-01,6.4,76.4,12249.584
4012410,2022-11-01,-6.9,76.6,12468.393
4012410,2022-12-01,-16.5,76.7,12629.444
4012410,2023-01-01,-11.7,76.95,12753.21
4013480,2020-12-01,-8.2,0.0,1034.0175
4013480,2021-01-01,-10.1,0.14,1660.174
4013480,2021-02-01,-19.1,1.175,2250.205
4013480,2021-03-01,-1.4,2.6,2602.04
4013480,2021-04-01,3.3,3.525,3093.835
4013480,2021-05-01,9.0,4.76,3693.362
4013480,2021-06-01,17.7,21.95,4022.57
4013480,2021-07-01,20.3,49.44,4138.724
4013480,2021-08-01,17.1,57.175,4341.885
4013480,2021-09-01,14.5,60.0,5033.2573
4013480,2021-10-01,6.8,64.54,6150.938
4013480,2021-11-01,-2.4,69.0,6676.415
4013480,2021-12-01,-15.2,71.0,6869.1025
4013480,2022-01-01,-15.5,72.84,8352.924
4013480,2022-02-01,-16.8,74.85,10539.522
4013480,2022-03-01,-7.3,75.375,10932.39
4013480,2022-04-01,-0.9,75.63332999999999,11301.412
4013480,2022-05-01,10.7,75.85,11549.33
4013480,2022-06-01,16.1,76.0,11658.155
4013480,2022-07-01,18.1,76.1,11750.24
4013480,2022-08-01,18.3,76.1,11891.628
4013480,2022-09-01,13.7,76.2,12051.15
4013480,2022-10-01,5.6,76.4,12249.584
4013480,2022-11-01,-8.0,76.6,12468.393
4013480,2022-12-01,-17.3,76.7,12629.444
4013480,2023-01-01,-11.8,76.95,12753.21
5010140,2020-12-01,-6.2,0.0,1515.4976
5010140,2021-01-01,-9.2,0.22,1936.33
5010140,2021-02-01,-17.1,1.6,2199.49
5010140,2021-03-01,0.6,2.925,2341.6826
5010140,2021-04-01,4.1,4.9,2532.9775
5010140,2021-05-01,10.6,6.1,3172.032
5010140,2021-06-01,19.0,19.3,3863.9924
5010140,2021-07-01,21.8,52.48,4049.55
5010140,2021-08-01,18.2,64.475,4126.725
5010140,2021-09-01,15.7,68.275,4220.835
5010140,2021-10-01,7.8,71.46,4405.934
5010140,2021-11-01,-2.4,73.525,4683.2
5010140,2021-12-01,-13.0,74.475,5030.9277
5010140,2022-01-01,-16.0,74.5,7318.458
5010140,2022-02-01,-18.8,76.925,8998.56
5010140,2022-03-01,-6.7,78.175,9461.758
5010140,2022-04-01,-0.6,78.46667,9895.0
5010140,2022-05-01,11.0,78.45,10203.745
5010140,2022-06-01,17.1,78.5,10304.298
5010140,2022-07-01,20.4,78.6,10364.434
5010140,2022-08-01,19.9,78.7,10474.513
5010140,2022-09-01,14.3,78.7,10602.973
5010140,2022-10-01,6.6,78.8,10711.904
5010140,2022-11-01,-5.3,78.9,10821.85
5010140,2022-12-01,-14.2,78.9,10892.298
5010140,2023-01-01,-11.9,78.95,10932.55
5010481,2020-12-01,-8.7,0.0,1515.4976
5010481,2021-01-01,-10.9,0.22,1936.33
5010481,2021-02-01,-19.9,1.6,2199.49
5010481,2021-03-01,-1.3,2.925,2341.6826
5010481,2021-04-01,3.0,4.9,2532.9775
5010481,2021-05-01,9.7,6.1,3172.032
5010481,2021-06-01,18.1,19.3,3863.9924
5010481,2021-07-01,20.4,52.48,4049.55
5010481,2021-08-01,17.1,64.475,4126.725
5010481,2021-09-01,14.9,68.275,4220.835
5010481,2021-10-01,7.2,71.46,4405.934
5010481,2021-11-01,-3.2,73.525,4683.2
5010481,2021-12-01,-15.6,74.475,5030.9277
5010481,2022-01-01,-18.1,74.5,7318.458
5010481,2022-02-01,-19.6,76.925,8998.56
5010481,2022-03-01,-7.5,78.175,9461.758
5010481,2022-04-01,-0.3,78.46667,9895.0
5010481,2022-05-01,10.1,78.45,10203.745
5010481,2022-06-01,16.5,78.5,10304.298
5010481,2022-07-01,19.1,78.6,10364.434
5010481,2022-08-01,18.7,78.7,10474.513
5010481,2022-09-01,13.5,78.7,10602.973
5010481,2022-10-01,5.5,78.8,10711.904
5010481,2022-11-01,-6.0,78.9,10821.85
5010481,2022-12-01,-16.5,78.9,10892.298
5010481,2023-01-01,-15.0,78.95,10932.55
5010490,2020-12-01,-8.4,0.0,1515.4976
5010490,2021-01-01,-10.5,0.22,1936.33
5010490,2021-02-01,-18.9,1.6,2199.49
5010490,2021-03-01,-0.8,2.925,2341.6826
5010490,2021-04-01,3.4,4.9,2532.9775
5010490,2021-05-01,9.9,6.1,3172.032
5010490,2021-06-01,18.8,19.3,3863.9924
5010490,2021-07-01,20.5,52.48,4049.55
5010490,2021-08-01,17.5,64.475,4126.725
5010490,2021-09-01,15.1,68.275,4220.835
5010490,2021-10-01,7.7,71.46,4405.934
5010490,2021-11-01,-2.8,73.525,4683.2
5010490,2021-12-01,-15.1,74.475,5030.9277
5010490,2022-01-01,-17.7,74.5,7318.458
5010490,2022-02-01,-19.3,76.925,8998.56
5010490,2022-03-01,-7.2,78.175,9461.758
5010490,2022-04-01,-0.5,78.46667,9895.0
5010490,2022-05-01,10.2,78.45,10203.745
5010490,2022-06-01,16.6,78.5,10304.298
5010490,2022-07-01,19.5,78.6,10364.434
5010490,2022-08-01,19.2,78.7,10474.513
5010490,2022-09-01,13.9,78.7,10602.973
5010490,2022-10-01,6.0,78.8,10711.904
5010490,2022-11-01,-5.7,78.9,10821.85
5010490,2022-12-01,-16.3,78.9,10892.298
5010490,2023-01-01,-14.5,78.95,10932.55
5010547,2020-12-01,-8.0,0.0,1515.4976
5010547,2021-01-01,-9.8,0.22,1936.33
5010547,2021-02-01,-18.4,1.6,2199.49
5010547,2021-03-01,-0.6,2.925,2341.6826
5010547,2021-04-01,2.9,4.9,2532.9775
5010547,2021-05-01,9.6,6.1,3172.032
5010547,2021-06-01,19.0,19.3,3863.9924
5010547,2021-07-01,21.0,52.48,4049.55
5010547,2021-08-01,17.6,64.475,4126.725
5010547,2021-09-01,15.2,68.275,4220.835
5010547,2021-10-01,8.0,71.46,4405.934
5010547,2021-11-01,-2.5,73.525,4683.2
5010547,2021-12-01,-14.2,74.475,5030.9277
5010547,2022-01-01,-18.1,74.5,7318.458
5010547,2022-02-01,-19.5,76.925,8998.56
5010547,2022-03-01,-7.5,78.175,9461.758
5010547,2022-04-01,-0.8,78.46667,9895.0
5010547,2022-05-01,10.5,78.45,10203.745
5010547,2022-06-01,16.5,78.5,10304.298
5010547,2022-07-01,19.2,78.6,10364.434
5010547,2022-08-01,18.7,78.7,10474.513
5010547,2022-09-01,14.1,78.7,10602.973
5010547,2022-10-01,6.5,78.8,10711.904
5010547,2022-11-01,-5.2,78.9,10821.85
5010547,2022-12-01,-15.5,78.9,10892.298
5010547,2023-01-01,-14.1,78.95,10932.55
5010641,2020-12-01,-7.5,0.0,1515.4976
5010641,2021-01-01,-9.3,0.22,1936.33
5010641,2021-02-01,-18.0,1.6,2199.49
5010641,2021-03-01,-0.3,2.925,2341.6826
5010641,2021-04-01,3.0,4.9,2532.9775
5010641,2021-05-01,10.0,6.1,3172.032
5010641,2021-06-01,19.4,19.3,3863.9924
5010641,2021-07-01,21.1,52.48,4049.55
5010641,2021-08-01,18.0,64.475,4126.725
5010641,2021-09-01,15.5,68.275,4220.835
5010641,2021-10-01,8.0,71.46,4405.934
5010641,2021-11-01,-2.2,73.525,4683.2
5010641,2021-12-01,-13.2,74.475,5030.9277
5010641,2022-01-01,-17.2,74.5,7318.458
5010641,2022-02-01,-18.2,76.925,8998.56
5010641,2022-03-01,-6.7,78.175,9461.758
5010641,2022-04-01,-0.7,78.46667,9895.0
5010641,2022-05-01,10.9,78.45,10203.745
5010641,2022-06-01,16.9,78.5,10304.298
5010641,2022-07-01,19.7,78.6,10364.434
5010641,2022-08-01,18.9,78.7,10474.513
5010641,2022-09-01,14.4,78.7,10602.973
5010641,2022-10-01,6.5,78.8,10711.904
5010641,2022-11-01,-4.8,78.9,10821.85
5010641,2022-12-01,-15.1,78.9,10892.298
5010641,2023-01-01,-13.5,78.95,10932.55
6010400,2021-01-01,-8.5,0.26666668,1526.394
6010400,2021-02-01,-19.7,1.325,1908.3425
6010400,2021-03-01,-11.7,1.95,2136.3025
6010400,2021-04-01,-0.7,2.275,2638.85
6010400,2021-05-01,5.8,3.28,3326.696
6010400,2021-06-01,10.4,16.65,3574.5376
6010400,2021-07-01,14.4,51.1,3627.15
6010400,2021-08-01,15.1,65.025,3688.9026
6010400,2021-09-01,11.3,69.1,3813.5176
6010400,2021-10-01,8.4,73.0,3931.366
6010400,2021-11-01,-3.5,75.375,4030.7725
6010400,2021-12-01,-17.7,76.225,4278.9326
6010400,2022-01-01,-23.9,76.46,6083.884
6010400,2022-02-01,-23.0,78.55,7124.435
6010400,2022-03-01,-15.8,79.5,7483.3174
6010400,2022-04-01,-3.4,79.9,8042.096
6010400,2022-05-01,6.2,80.15,8526.702
6010400,2022-06-01,13.4,80.3,8699.327
6010400,2022-07-01,14.8,80.4,8927.922
6010400,2022-08-01,15.0,80.5,9246.05
6010400,2022-09-01,11.3,80.6,9477.385
6010400,2022-10-01,5.9,80.7,9744.288
6010400,2022-11-01,-4.6,80.8,9994.527
6010400,2022-12-01,-14.2,80.9,10169.628
6010400,2023-01-01,-18.9,80.9,10358.185
6010735,2021-01-01,-14.4,0.26666668,1526.394
6010735,2021-02-01,-21.7,1.325,1908.3425
6010735,2021-03-01,-10.9,1.95,2136.3025
6010735,2021-04-01,-1.3,2.275,2638.85
6010735,2021-05-01,5.1,3.28,3326.696
6010735,2021-06-01,13.0,16.65,3574.5376
6010735,2021-07-01,16.7,51.1,3627.15
6010735,2021-08-01,14.4,65.025,3688.9026
6010735,2021-09-01,12.2,69.1,3813.5176
6010735,2021-10-01,7.0,73.0,3931.366
6010735,2021-11-01,-5.3,75.375,4030.7725
6010735,2021-12-01,-20.0,76.225,4278.9326
6010735,2022-01-01,-25.5,76.46,6083.884
6010735,2022-02-01,-24.0,78.55,7124.435
6010735,2022-03-01,-13.3,79.5,7483.3174
6010735,2022-04-01,-3.2,79.9,8042.096
6010735,2022-05-01,6.4,80.15,8526.702
6010735,2022-06-01,12.5,80.3,8699.327
6010735,2022-07-01,16.3,80.4,8927.922
6010735,2022-08-01,15.5,80.5,9246.05
6010735,2022-09-01,11.2,80.6,9477.385
6010735,2022-10-01,4.1,80.7,9744.288
6010735,2022-11-01,-7.5,80.8,9994.527
6010735,2022-12-01,-17.9,80.9,10169.628
6010735,2023-01-01,-16.8,80.9,10358.185
6010740,2021-01-01,-14.4,0.26666668,1526.394
6010740,2021-02-01,-21.8,1.325,1908.3425
6010740,2021-03-01,-9.9,1.95,2136.3025
6010740,2021-04-01,-1.6,2.275,2638.85
6010740,2021-05-01,5.2,3.28,3326.696
6010740,2021-06-01,12.9,16.65,3574.5376
6010740,2021-07-01,16.4,51.1,3627.15
6010740,2021-08-01,14.1,65.025,3688.9026
6010740,2021-09-01,12.3,69.1,3813.5176
6010740,2021-10-01,7.2,73.0,3931.366
6010740,2021-11-01,-4.9,75.375,4030.7725
6010740,2021-12-01,-20.2,76.225,4278.9326
6010740,2022-01-01,-25.7,76.46,6083.884
6010740,2022-02-01,-24.3,78.55,7124.435
6010740,2022-03-01,-13.2,79.5,7483.3174
6010740,2022-04-01,-3.5,79.9,8042.096
6010740,2022-05-01,6.3,80.15,8526.702
6010740,2022-06-01,12.3,80.3,8699.327
6010740,2022-07-01,16.3,80.4,8927.922
6010740,2022-08-01,15.4,80.5,9246.05
6010740,2022-09-01,10.5,80.6,9477.385
6010740,2022-10-01,4.0,80.7,9744.288
6010740,2022-11-01,-7.7,80.8,9994.527
6010740,2022-12-01,-17.9,80.9,10169.628
6010740,2023-01-01,-17.3,80.9,10358.185
6012199,2021-01-01,-10.6,0.26666668,1526.394
6012199,2021-02-01,-17.9,1.325,1908.3425
6012199,2021-03-01,-2.0,1.95,2136.3025
6012199,2021-04-01,2.7,2.275,2638.85
6012199,2021-05-01,10.2,3.28,3326.696
6012199,2021-06-01,17.8,16.65,3574.5376
6012199,2021-07-01,20.2,51.1,3627.15
6012199,2021-08-01,18.9,65.025,3688.9026
6012199,2021-09-01,14.4,69.1,3813.5176
6012199,2021-10-01,9.3,73.0,3931.366
6012199,2021-11-01,-2.0,75.375,4030.7725
6012199,2021-12-01,-13.7,76.225,4278.9326
6012199,2022-01-01,-20.4,76.46,6083.884
6012199,2022-02-01,-20.3,78.55,7124.435
6012199,2022-03-01,-7.5,79.5,7483.3174
6012199,2022-04-01,-0.8,79.9,8042.096
6012199,2022-05-01,9.6,80.15,8526.702
6012199,2022-06-01,15.0,80.3,8699.327
6012199,2022-07-01,18.2,80.4,8927.922
6012199,2022-08-01,17.7,80.5,9246.05
6012199,2022-09-01,12.2,80.6,9477.385
6012199,2022-10-01,5.6,80.7,9744.288
6012199,2022-11-01,-3.8,80.8,9994.527
6012199,2022-12-01,-13.9,80.9,10169.628
6012199,2023-01-01,-11.7,80.9,10358.185
6012501,2021-01-01,-16.2,0.26666668,1526.394
6012501,2021-02-01,-22.1,1.325,1908.3425
6012501,2021-03-01,-13.3,1.95,2136.3025
6012501,2021-04-01,-4.1,2.275,2638.85
6012501,2021-05-01,1.5,3.28,3326.696
6012501,2021-06-01,6.5,16.65,3574.5376
6012501,2021-07-01,13.3,51.1,3627.15
6012501,2021-08-01,12.7,65.025,3688.9026
6012501,2021-09-01,10.4,69.1,3813.5176
6012501,2021-10-01,6.0,73.0,3931.366
6012501,2021-11-01,-5.9,75.375,4030.7725
6012501,2021-12-01,-21.4,76.225,4278.9326
6012501,2022-01-01,-25.2,76.46,6083.884
6012501,2022-02-01,-25.2,78.55,7124.435
6012501,2022-03-01,-15.5,79.5,7483.3174
6012501,2022-04-01,-7.5,79.9,8042.096
6012501,2022-05-01,3.6,80.15,8526.702
6012501,2022-06-01,8.6,80.3,8699.327
6012501,2022-07-01,11.7,80.4,8927.922
6012501,2022-08-01,14.4,80.5,9246.05
6012501,2022-09-01,11.1,80.6,9477.385
6012501,2022-10-01,3.9,80.7,9744.288
6012501,2022-11-01,-8.0,80.8,9994.527
6012501,2022-12-01,-17.3,80.9,10169.628
6012501,2023-01-01,-20.0,80.9,10358.185
7010565,2020-12-01,-3.2,0.0,1894.5875
7010565,2021-01-01,-6.3,0.19,2673.2660000000005
7010565,2021-02-01,-7.7,2.33,3118.6226
7010565,2021-03-01,-1.8,7.35,3363.7224
7010565,2021-04-01,6.2,0.4,3739.0425
7010565,2021-05-01,12.9,3.8,4103.502
7010565,2021-06-01,19.4,15.975,4236.8677
7010565,2021-07-01,19.4,46.28,4271.408
7010565,2021-08-01,22.5,65.675,4356.9873
7010565,2021-09-01,15.9,72.425,4550.6226
7010565,2021-10-01,11.5,75.5,4763.624
7010565,2021-11-01,1.9,77.025,4970.52
7010565,2021-12-01,-5.4,77.95,5577.53
7010565,2022-01-01,-14.0,78.4,9021.15
7010565,2022-02-01,-9.7,81.125,10386.567
7010565,2022-03-01,-3.5,81.95,10821.33
7010565,2022-04-01,4.6,82.2,11672.766
7010565,2022-05-01,12.9,82.3,12209.508
7010565,2022-06-01,17.5,82.4,12425.23
7010565,2022-07-01,21.1,82.3,12928.456
7010565,2022-08-01,20.6,80.55,13410.39
7010565,2022-09-01,14.9,80.63,13664.558
7010565,2022-10-01,9.6,80.73,13970.846
7010565,2022-11-01,2.1,80.87,14272.375
7010565,2022-12-01,-2.4,81.06,14623.232
7010565,2023-01-01,-5.8,81.16,14910.442
7011983,2020-12-01,-4.6,0.0,1894.5875
7011983,2021-01-01,-7.9,0.19,2673.2660000000005
7011983,2021-02-01,-10.0,2.33,3118.6226
7011983,2021-03-01,-2.9,7.35,3363.7224
7011983,2021-04-01,6.3,0.4,3739.0425
7011983,2021-05-01,10.9,3.8,4103.502
7011983,2021-06-01,17.5,15.975,4236.8677
7011983,2021-07-01,17.9,46.28,4271.408
7011983,2021-08-01,21.5,65.675,4356.9873
7011983,2021-09-01,14.5,72.425,4550.6226
7011983,2021-10-01,9.8,75.5,4763.624
7011983,2021-11-01,-0.2,77.025,4970.52
7011983,2021-12-01,-7.7,77.95,5577.53
7011983,2022-01-01,-17.4,78.4,9021.15
7011983,2022-02-01,-11.6,81.125,10386.567
7011983,2022-03-01,-4.7,81.95,10821.33
7011983,2022-04-01,3.8,82.2,11672.766
7011983,2022-05-01,12.3,82.3,12209.508
7011983,2022-06-01,16.1,82.4,12425.23
7011983,2022-07-01,18.5,82.3,12928.456
7011983,2022-08-01,18.5,80.55,13410.39
7011983,2022-09-01,13.1,80.63,13664.558
7011983,2022-10-01,7.6,80.73,13970.846
7011983,2022-11-01,0.1,80.87,14272.375
7011983,2022-12-01,-3.7,81.06,14623.232
7011983,2023-01-01,-7.9,81.16,14910.442
7014160,2020-12-01,-2.7,0.0,1894.5875
7014160,2021-01-01,-7.6,0.19,2673.2660000000005
7014160,2021-02-01,-9.1,2.33,3118.6226
7014160,2021-03-01,-1.1,7.35,3363.7224
7014160,2021-04-01,8.2,0.4,3739.0425
7014160,2021-05-01,13.7,3.8,4103.502
7014160,2021-06-01,21.0,15.975,4236.8677
7014160,2021-07-01,19.7,46.28,4271.408
7014160,2021-08-01,22.6,65.675,4356.9873
7014160,2021-09-01,16.4,72.425,4550.6226
7014160,2021-10-01,11.3,75.5,4763.624
7014160,2021-11-01,1.5,77.025,4970.52
7014160,2021-12-01,-4.6,77.95,5577.53
7014160,2022-01-01,-15.7,78.4,9021.15
7014160,2022-02-01,-9.3,81.125,10386.567
7014160,2022-03-01,-2.6,81.95,10821.33
7014160,2022-04-01,5.6,82.2,11672.766
7014160,2022-05-01,15.3,82.3,12209.508
7014160,2022-06-01,18.0,82.4,12425.23
7014160,2022-07-01,21.1,82.3,12928.456
7014160,2022-08-01,20.5,80.55,13410.39
7014160,2022-09-01,14.9,80.63,13664.558
7014160,2022-10-01,9.4,80.73,13970.846
7014160,2022-11-01,3.3,80.87,14272.375
7014160,2022-12-01,-2.3,81.06,14623.232
7014160,2023-01-01,-5.8,81.16,14910.442
7015791,2020-12-01,-8.6,0.0,1894.5875
7015791,2021-01-01,-12.2,0.19,2673.2660000000005
7015791,2021-02-01,-13.9,2.33,3118.6226
7015791,2021-03-01,-7.5,7.35,3363.7224
7015791,2021-04-01,1.3,0.4,3739.0425
7015791,2021-05-01,6.0,3.8,4103.502
7015791,2021-06-01,12.7,15.975,4236.8677
7015791,2021-07-01,13.0,46.28,4271.408
7015791,2021-08-01,15.9,65.675,4356.9873
7015791,2021-09-01,9.8,72.425,4550.6226
7015791,2021-10-01,6.5,75.5,4763.624
7015791,2021-11-01,-2.6,77.025,4970.52
7015791,2021-12-01,-11.2,77.95,5577.53
7015791,2022-01-01,-21.1,78.4,9021.15
7015791,2022-02-01,-16.9,81.125,10386.567
7015791,2022-03-01,-9.3,81.95,10821.33
7015791,2022-04-01,-2.3,82.2,11672.766
7015791,2022-05-01,6.0,82.3,12209.508
7015791,2022-06-01,11.1,82.4,12425.23
7015791,2022-07-01,13.7,82.3,12928.456
7015791,2022-08-01,14.0,80.55,13410.39
7015791,2022-09-01,8.7,80.63,13664.558
7015791,2022-10-01,5.4,80.73,13970.846
7015791,2022-11-01,-3.2,80.87,14272.375
7015791,2022-12-01,-7.7,81.06,14623.232
7015791,2023-01-01,-12.1,81.16,14910.442
7016293,2020-12-01,-4.7,0.0,1894.5875
7016293,2021-01-01,-7.9,0.19,2673.2660000000005
7016293,2021-02-01,-9.5,2.33,3118.6226
7016293,2021-03-01,-3.2,7.35,3363.7224
7016293,2021-04-01,6.0,0.4,3739.0425
7016293,2021-05-01,11.6,3.8,4103.502
7016293,2021-06-01,18.4,15.975,4236.8677
7016293,2021-07-01,18.1,46.28,4271.408
7016293,2021-08-01,21.2,65.675,4356.9873
7016293,2021-09-01,14.4,72.425,4550.6226
7016293,2021-10-01,9.8,75.5,4763.624
7016293,2021-11-01,0.3,77.025,4970.52
7016293,2021-12-01,-6.9,77.95,5577.53
7016293,2022-01-01,-16.4,78.4,9021.15
7016293,2022-02-01,-11.3,81.125,10386.567
7016293,2022-03-01,-4.3,81.95,10821.33
7016293,2022-04-01,4.0,82.2,11672.766
7016293,2022-05-01,12.5,82.3,12209.508
7016293,2022-06-01,16.4,82.4,12425.23
7016293,2022-07-01,19.4,82.3,12928.456
7016293,2022-08-01,19.2,80.55,13410.39
7016293,2022-09-01,13.7,80.63,13664.558
7016293,2022-10-01,8.1,80.73,13970.846
7016293,2022-11-01,0.3,80.87,14272.375
7016293,2022-12-01,-3.9,81.06,14623.232
7016293,2023-01-01,-7.4,81.16,14910.442
8100300,2020-12-01,-3.0,0.0,69.235
8100300,2021-01-01,-7.0,0.26,113.808
8100300,2021-02-01,-9.0,1.15,171.9375
8100300,2021-03-01,-3.2,1.5,184.04
8100300,2021-04-01,5.9,2.275,214.855
8100300,2021-05-01,10.9,4.28,253.356
8100300,2021-06-01,18.0,14.35,283.015
8100300,2021-07-01,18.0,49.08,288.918
8100300,2021-08-01,20.7,63.425,315.7425
8100300,2021-09-01,14.9,69.15,395.2575
8100300,2021-10-01,10.1,73.62,683.668
8100300,2021-11-01,1.4,77.425,911.1375
8100300,2021-12-01,-6.0,78.95,1247.26
8100300,2022-01-01,-14.3,78.1,2748.882
8100300,2022-02-01,-9.3,80.1,4120.7227
8100300,2022-03-01,-2.9,80.95,5373.8276
8100300,2022-04-01,4.1,81.23333,7126.014
8100300,2022-05-01,11.9,81.4,7974.9575
8100300,2022-06-01,15.6,81.6,8254.52
8100300,2022-07-01,19.6,81.6,8676.096
8100300,2022-08-01,19.4,81.7,9118.865
8100300,2022-09-01,14.5,81.8,9433.375
8100300,2022-10-01,10.1,81.9,9778.034
8100300,2022-11-01,1.7,82.0,10100.78
8100300,2022-12-01,-2.6,82.0,10426.506
8100300,2023-01-01,-5.7,82.05,10709.662
8100467,2020-12-01,-1.4,0.0,69.235
8100467,2021-01-01,-4.8,0.26,113.808
8100467,2021-02-01,-6.7,1.15,171.9375
8100467,2021-03-01,-2.9,1.5,184.04
8100467,2021-04-01,3.6,2.275,214.855
8100467,2021-05-01,9.3,4.28,253.356
8100467,2021-06-01,16.9,14.35,283.015
8100467,2021-07-01,17.7,49.08,288.918
8100467,2021-08-01,20.4,63.425,315.7425
8100467,2021-09-01,14.8,69.15,395.2575
8100467,2021-10-01,9.7,73.62,683.668
8100467,2021-11-01,3.0,77.425,911.1375
8100467,2021-12-01,-2.9,78.95,1247.26
8100467,2022-01-01,-10.6,78.1,2748.882
8100467,2022-02-01,-8.2,80.1,4120.7227
8100467,2022-03-01,-3.8,80.95,5373.8276
8100467,2022-04-01,2.3,81.23333,7126.014
8100467,2022-05-01,9.7,81.4,7974.9575
8100467,2022-06-01,14.7,81.6,8254.52
8100467,2022-07-01,19.6,81.6,8676.096
8100467,2022-08-01,19.6,81.7,9118.865
8100467,2022-09-01,13.9,81.8,9433.375
8100467,2022-10-01,10.3,81.9,9778.034
8100467,2022-11-01,2.6,82.0,10100.78
8100467,2022-12-01,-1.8,82.0,10426.506
8100467,2023-01-01,-4.8,82.05,10709.662
8100506,2020-12-01,-3.4,0.0,69.235
8100506,2021-01-01,-6.3,0.26,113.808
8100506,2021-02-01,-8.0,1.15,171.9375
8100506,2021-03-01,-3.0,1.5,184.04
8100506,2021-04-01,4.4,2.275,214.855
8100506,2021-05-01,9.7,4.28,253.356
8100506,2021-06-01,17.1,14.35,283.015
8100506,2021-07-01,17.7,49.08,288.918
8100506,2021-08-01,20.7,63.425,315.7425
8100506,2021-09-01,14.4,69.15,395.2575
8100506,2021-10-01,9.4,73.62,683.668
8100506,2021-11-01,1.4,77.425,911.1375
8100506,2021-12-01,-5.3,78.95,1247.26
8100506,2022-01-01,-14.0,78.1,2748.882
8100506,2022-02-01,-9.2,80.1,4120.7227
8100506,2022-03-01,-4.1,80.95,5373.8276
8100506,2022-04-01,3.5,81.23333,7126.014
8100506,2022-05-01,10.5,81.4,7974.9575
8100506,2022-06-01,15.1,81.6,8254.52
8100506,2022-07-01,19.6,81.6,8676.096
8100506,2022-08-01,19.3,81.7,9118.865
8100506,2022-09-01,14.1,81.8,9433.375
8100506,2022-10-01,9.5,81.9,9778.034
8100506,2022-11-01,1.2,82.0,10100.78
8100506,2022-12-01,-3.6,82.0,10426.506
8100506,2023-01-01,-6.9,82.05,10709.662
8100885,2020-12-01,-3.7,0.0,69.235
8100885,2021-01-01,-6.4,0.26,113.808
8100885,2021-02-01,-7.9,1.15,171.9375
8100885,2021-03-01,-3.6,1.5,184.04
8100885,2021-04-01,4.3,2.275,214.855
8100885,2021-05-01,9.5,4.28,253.356
8100885,2021-06-01,16.7,14.35,283.015
8100885,2021-07-01,17.3,49.08,288.918
8100885,2021-08-01,19.8,63.425,315.7425
8100885,2021-09-01,13.7,69.15,395.2575
8100885,2021-10-01,9.6,73.62,683.668
8100885,2021-11-01,1.5,77.425,911.1375
8100885,2021-12-01,-5.5,78.95,1247.26
8100885,2022-01-01,-14.3,78.1,2748.882
8100885,2022-02-01,-10.6,80.1,4120.7227
8100885,2022-03-01,-4.7,80.95,5373.8276
8100885,2022-04-01,2.5,81.23333,7126.014
8100885,2022-05-01,9.6,81.4,7974.9575
8100885,2022-06-01,14.5,81.6,8254.52
8100885,2022-07-01,19.1,81.6,8676.096
8100885,2022-08-01,18.8,81.7,9118.865
8100885,2022-09-01,13.7,81.8,9433.375
8100885,2022-10-01,9.3,81.9,9778.034
8100885,2022-11-01,0.9,82.0,10100.78
8100885,2022-12-01,-4.0,82.0,10426.506
8100885,2023-01-01,-7.1,82.05,10709.662
8100989,2020-12-01,-2.0,0.0,69.235
8100989,2021-01-01,-5.7,0.26,113.808
8100989,2021-02-01,-7.1,1.15,171.9375
8100989,2021-03-01,-2.2,1.5,184.04
8100989,2021-04-01,4.7,2.275,214.855
8100989,2021-05-01,10.0,4.28,253.356
8100989,2021-06-01,18.0,14.35,283.015
8100989,2021-07-01,18.2,49.08,288.918
8100989,2021-08-01,21.0,63.425,315.7425
8100989,2021-09-01,15.1,69.15,395.2575
8100989,2021-10-01,10.0,73.62,683.668
8100989,2021-11-01,2.0,77.425,911.1375
8100989,2021-12-01,-4.1,78.95,1247.26
8100989,2022-01-01,-12.2,78.1,2748.882
8100989,2022-02-01,-6.9,80.1,4120.7227
8100989,2022-03-01,-2.6,80.95,5373.8276
8100989,2022-04-01,3.9,81.23333,7126.014
8100989,2022-05-01,11.6,81.4,7974.9575
8100989,2022-06-01,15.8,81.6,8254.52
8100989,2022-07-01,20.4,81.6,8676.096
8100989,2022-08-01,19.8,81.7,9118.865
8100989,2022-09-01,14.6,81.8,9433.375
8100989,2022-10-01,10.9,81.9,9778.034
8100989,2022-11-01,2.5,82.0,10100.78
8100989,2022-12-01,-2.2,82.0,10426.506
8100989,2023-01-01,-5.5,82.05,10709.662
8200255,2020-12-01,4.4,0.0,139.035
8200255,2021-01-01,0.5,0.18,151.354
8200255,2021-02-01,-0.2,0.85,157.2725
8200255,2021-03-01,1.8,1.875,164.505
8200255,2021-04-01,6.1,3.225,179.9525
8200255,2021-05-01,8.7,4.02,424.272
8200255,2021-06-01,12.3,8.725,563.2875
8200255,2021-07-01,14.8,46.96,575.646
8200255,2021-08-01,16.0,67.35,583.4175
8200255,2021-09-01,15.2,71.475,613.94
8200255,2021-10-01,13.1,75.3,693.696
8200255,2021-11-01,7.3,78.55,775.7225
8200255,2021-12-01,3.5,80.625,1035.0325
8200255,2022-01-01,-1.3,79.68,2853.71
8200255,2022-02-01,-0.3,81.875,4202.285
8200255,2022-03-01,2.9,83.075,4882.54
8200255,2022-04-01,6.0,83.53333,7490.922
8200255,2022-05-01,9.2,83.85,9468.46
8200255,2022-06-01,12.3,84.0,10203.532
8200255,2022-07-01,13.9,84.1,10967.72
8200255,2022-08-01,15.8,84.3,11700.41
8200255,2022-09-01,15.5,84.4,12159.942
8200255,2022-10-01,13.1,84.5,12614.362
8200255,2022-11-01,7.5,84.7,12952.07
8200255,2022-12-01,3.9,84.9,13197.772
8200255,2023-01-01,3.2,85.1,13532.005
8200558,2020-12-01,3.5,0.0,139.035
8200558,2021-01-01,-0.4,0.18,151.354
8200558,2021-02-01,-1.7,0.85,157.2725
8200558,2021-03-01,0.0,1.875,164.505
8200558,2021-04-01,4.9,3.225,179.9525
8200558,2021-05-01,7.2,4.02,424.272
8200558,2021-06-01,11.7,8.725,563.2875
8200558,2021-07-01,15.9,46.96,575.646
8200558,2021-08-01,17.8,67.35,583.4175
8200558,2021-09-01,16.7,71.475,613.94
8200558,2021-10-01,12.5,75.3,693.696
8200558,2021-11-01,7.1,78.55,775.7225
8200558,2021-12-01,1.5,80.625,1035.0325
8200558,2022-01-01,-2.1,79.68,2853.71
8200558,2022-02-01,-1.9,81.875,4202.285
8200558,2022-03-01,0.6,83.075,4882.54
8200558,2022-04-01,4.3,83.53333,7490.922
8200558,2022-05-01,7.5,83.85,9468.46
8200558,2022-06-01,12.2,84.0,10203.532
8200558,2022-07-01,14.5,84.1,10967.72
8200558,2022-08-01,19.0,84.3,11700.41
8200558,2022-09-01,16.9,84.4,12159.942
8200558,2022-10-01,12.7,84.5,12614.362
8200558,2022-11-01,6.7,84.7,12952.07
8200558,2022-12-01,3.3,84.9,13197.772
8200558,2023-01-01,1.7,85.1,13532.005
8200574,2020-12-01,2.2,0.0,139.035
8200574,2021-01-01,-2.1,0.18,151.354
8200574,2021-02-01,-3.0,0.85,157.2725
8200574,2021-03-01,0.4,1.875,164.505
8200574,2021-04-01,6.9,3.225,179.9525
8200574,2021-05-01,9.5,4.02,424.272
8200574,2021-06-01,17.0,8.725,563.2875
8200574,2021-07-01,18.4,46.96,575.646
8200574,2021-08-01,19.8,67.35,583.4175
8200574,2021-09-01,16.2,71.475,613.94
8200574,2021-10-01,10.5,75.3,693.696
8200574,2021-11-01,4.5,78.55,775.7225
8200574,2021-12-01,-0.3,80.625,1035.0325
8200574,2022-01-01,-4.8,79.68,2853.71
8200574,2022-02-01,-3.5,81.875,4202.285
8200574,2022-03-01,0.8,83.075,4882.54
8200574,2022-04-01,5.5,83.53333,7490.922
8200574,2022-05-01,10.6,83.85,9468.46
8200574,2022-06-01,15.3,84.0,10203.532
8200574,2022-07-01,18.8,84.1,10967.72
8200574,2022-08-01,20.6,84.3,11700.41
8200574,2022-09-01,15.6,84.4,12159.942
8200574,2022-10-01,11.2,84.5,12614.362
8200574,2022-11-01,5.9,84.7,12952.07
8200574,2022-12-01,1.6,84.9,13197.772
8200574,2023-01-01,0.7,85.1,13532.005
8200604,2020-12-01,4.0,0.0,139.035
8200604,2021-01-01,0.2,0.18,151.354
8200604,2021-02-01,-0.6,0.85,157.2725
8200604,2021-03-01,1.7,1.875,164.505
8200604,2021-04-01,6.0,3.225,179.9525
8200604,2021-05-01,9.6,4.02,424.272
8200604,2021-06-01,14.4,8.725,563.2875
8200604,2021-07-01,15.3,46.96,575.646
8200604,2021-08-01,17.0,67.35,583.4175
8200604,2021-09-01,15.6,71.475,613.94
8200604,2021-10-01,12.6,75.3,693.696
8200604,2021-11-01,7.3,78.55,775.7225
8200604,2021-12-01,3.0,80.625,1035.0325
8200604,2022-01-01,-1.9,79.68,2853.71
8200604,2022-02-01,-0.6,81.875,4202.285
8200604,2022-03-01,2.5,83.075,4882.54
8200604,2022-04-01,6.2,83.53333,7490.922
8200604,2022-05-01,10.0,83.85,9468.46
8200604,2022-06-01,13.3,84.0,10203.532
8200604,2022-07-01,16.9,84.1,10967.72
8200604,2022-08-01,17.2,84.3,11700.41
8200604,2022-09-01,14.8,84.4,12159.942
8200604,2022-10-01,12.7,84.5,12614.362
8200604,2022-11-01,7.6,84.7,12952.07
8200604,2022-12-01,3.2,84.9,13197.772
8200604,2023-01-01,2.3,85.1,13532.005
8200774,2020-12-01,2.4,0.0,139.035
8200774,2021-01-01,-1.9,0.18,151.354
8200774,2021-02-01,-3.4,0.85,157.2725
8200774,2021-03-01,0.3,1.875,164.505
8200774,2021-04-01,5.0,3.225,179.9525
8200774,2021-05-01,9.6,4.02,424.272
8200774,2021-06-01,18.1,8.725,563.2875
8200774,2021-07-01,18.3,46.96,575.646
8200774,2021-08-01,21.2,67.35,583.4175
8200774,2021-09-01,17.2,71.475,613.94
8200774,2021-10-01,12.0,75.3,693.696
8200774,2021-11-01,6.4,78.55,775.7225
8200774,2021-12-01,-1.2,80.625,1035.0325
8200774,2022-01-01,-6.2,79.68,2853.71
8200774,2022-02-01,-3.9,81.875,4202.285
8200774,2022-03-01,-0.2,83.075,4882.54
8200774,2022-04-01,4.7,83.53333,7490.922
8200774,2022-05-01,10.2,83.85,9468.46
8200774,2022-06-01,15.3,84.0,10203.532
8200774,2022-07-01,20.8,84.1,10967.72
8200774,2022-08-01,21.2,84.3,11700.41
8200774,2022-09-01,17.0,84.4,12159.942
8200774,2022-10-01,13.0,84.5,12614.362
8200774,2022-11-01,6.4,84.7,12952.07
8200774,2022-12-01,1.8,84.9,13197.772
8200774,2023-01-01,-0.2,85.1,13532.005
8300301,2020-12-01,1.0,0.0,51.2625
8300301,2021-01-01,-3.3,0.72,61.636
8300301,2021-02-01,-5.1,2.85,68.8375
8300301,2021-03-01,-1.3,3.525,86.265
8300301,2021-04-01,4.5,5.5,97.9875
8300301,2021-05-01,8.5,7.22,111.9
8300301,2021-06-01,17.4,12.2,120.6875
8300301,2021-07-01,17.6,35.76,121.86
8300301,2021-08-01,20.5,62.95,129.185
8300301,2021-09-01,16.1,72.175,153.055
8300301,2021-10-01,10.4,76.54,181.618
8300301,2021-11-01,4.5,79.725,198.9025
8300301,2021-12-01,-1.5,81.3,295.8625
8300301,2022-01-01,-7.1,79.86,2514.412
8300301,2022-02-01,-5.0,82.05,6414.0425
8300301,2022-03-01,-1.3,83.6,12172.0625
8300301,2022-04-01,3.9,84.13332999999999,18406.215
8300301,2022-05-01,9.5,84.45,21671.85
8300301,2022-06-01,15.2,84.6,23095.943
8300301,2022-07-01,20.2,84.7,25848.682
8300301,2022-08-01,20.2,84.9,28552.68
8300301,2022-09-01,14.8,85.0,29896.508
8300301,2022-10-01,11.9,85.2,30885.71
8300301,2022-11-01,4.8,85.4,31723.088
8300301,2022-12-01,-0.3,85.6,32397.828
8300301,2023-01-01,-2.1,85.75,32829.93
8300497,2020-12-01,1.8,0.0,51.2625
8300497,2021-01-01,-2.8,0.72,61.636
8300497,2021-02-01,-3.5,2.85,68.8375
8300497,2021-03-01,-0.8,3.525,86.265
8300497,2021-04-01,4.3,5.5,97.9875
8300497,2021-05-01,9.2,7.22,111.9
8300497,2021-06-01,18.8,12.2,120.6875
8300497,2021-07-01,18.5,35.76,121.86
8300497,2021-08-01,20.9,62.95,129.185
8300497,2021-09-01,17.4,72.175,153.055
8300497,2021-10-01,10.8,76.54,181.618
8300497,2021-11-01,4.7,79.725,198.9025
8300497,2021-12-01,-0.9,81.3,295.8625
8300497,2022-01-01,-7.0,79.86,2514.412
8300497,2022-02-01,-5.0,82.05,6414.0425
8300497,2022-03-01,-0.6,83.6,12172.0625
8300497,2022-04-01,4.5,84.13332999999999,18406.215
8300497,2022-05-01,10.9,84.45,21671.85
8300497,2022-06-01,16.1,84.6,23095.943
8300497,2022-07-01,20.5,84.7,25848.682
8300497,2022-08-01,20.5,84.9,28552.68
8300497,2022-09-01,14.7,85.0,29896.508
8300497,2022-10-01,11.3,85.2,30885.71
8300497,2022-11-01,4.0,85.4,31723.088
8300497,2022-12-01,-0.2,85.6,32397.828
8300497,2023-01-01,-3.4,85.75,32829.93
8300562,2020-12-01,3.9,0.0,51.2625
8300562,2021-01-01,-2.6,0.72,61.636
8300562,2021-02-01,-4.1,2.85,68.8375
8300562,2021-03-01,-0.8,3.525,86.265
8300562,2021-04-01,4.1,5.5,97.9875
8300562,2021-05-01,8.1,7.22,111.9
8300562,2021-06-01,17.3,12.2,120.6875
8300562,2021-07-01,17.6,35.76,121.86
8300562,2021-08-01,20.4,62.95,129.185
8300562,2021-09-01,15.9,72.175,153.055
8300562,2021-10-01,10.7,76.54,181.618
8300562,2021-11-01,5.5,79.725,198.9025
8300562,2021-12-01,-0.4,81.3,295.8625
8300562,2022-01-01,-6.8,79.86,2514.412
8300562,2022-02-01,-4.6,82.05,6414.0425
8300562,2022-03-01,-1.1,83.6,12172.0625
8300562,2022-04-01,3.3,84.13332999999999,18406.215
8300562,2022-05-01,9.5,84.45,21671.85
8300562,2022-06-01,14.7,84.6,23095.943
8300562,2022-07-01,20.0,84.7,25848.682
8300562,2022-08-01,20.2,84.9,28552.68
8300562,2022-09-01,15.1,85.0,29896.508
8300562,2022-10-01,11.9,85.2,30885.71
8300562,2022-11-01,5.5,85.4,31723.088
8300562,2022-12-01,0.7,85.6,32397.828
8300562,2023-01-01,-1.2,85.75,32829.93
8300590,2020-12-01,1.7,0.0,51.2625
8300590,2021-01-01,-2.5,0.72,61.636
8300590,2021-02-01,-4.5,2.85,68.8375
8300590,2021-03-01,-0.6,3.525,86.265
8300590,2021-04-01,3.9,5.5,97.9875
8300590,2021-05-01,8.4,7.22,111.9
8300590,2021-06-01,17.8,12.2,120.6875
8300590,2021-07-01,17.9,35.76,121.86
8300590,2021-08-01,20.9,62.95,129.185
8300590,2021-09-01,16.6,72.175,153.055
8300590,2021-10-01,11.0,76.54,181.618
8300590,2021-11-01,5.2,79.725,198.9025
8300590,2021-12-01,-0.6,81.3,295.8625
8300590,2022-01-01,-6.6,79.86,2514.412
8300590,2022-02-01,-4.7,82.05,6414.0425
8300590,2022-03-01,-1.1,83.6,12172.0625
8300590,2022-04-01,3.6,84.13332999999999,18406.215
8300590,2022-05-01,9.9,84.45,21671.85
8300590,2022-06-01,15.5,84.6,23095.943
8300590,2022-07-01,20.6,84.7,25848.682
8300590,2022-08-01,20.6,84.9,28552.68
8300590,2022-09-01,15.5,85.0,29896.508
8300590,2022-10-01,12.5,85.2,30885.71
8300590,2022-11-01,5.6,85.4,31723.088
8300590,2022-12-01,0.8,85.6,32397.828
8300590,2023-01-01,-1.5,85.75,32829.93
8300596,2020-12-01,0.7,0.0,51.2625
8300596,2021-01-01,-4.3,0.72,61.636
8300596,2021-02-01,-5.6,2.85,68.8375
8300596,2021-03-01,-1.7,3.525,86.265
8300596,2021-04-01,4.3,5.5,97.9875
8300596,2021-05-01,8.8,7.22,111.9
8300596,2021-06-01,17.8,12.2,120.6875
8300596,2021-07-01,17.9,35.76,121.86
8300596,2021-08-01,20.3,62.95,129.185
8300596,2021-09-01,16.0,72.175,153.055
8300596,2021-10-01,10.9,76.54,181.618
8300596,2021-11-01,4.3,79.725,198.9025
8300596,2021-12-01,-1.7,81.3,295.8625
8300596,2022-01-01,-7.9,79.86,2514.412
8300596,2022-02-01,-5.7,82.05,6414.0425
8300596,2022-03-01,-1.6,83.6,12172.0625
8300596,2022-04-01,4.4,84.13332999999999,18406.215
8300596,2022-05-01,10.5,84.45,21671.85
8300596,2022-06-01,15.8,84.6,23095.943
8300596,2022-07-01,19.9,84.7,25848.682
8300596,2022-08-01,20.7,84.9,28552.68
8300596,2022-09-01,15.2,85.0,29896.508
8300596,2022-10-01,12.4,85.2,30885.71
8300596,2022-11-01,4.7,85.4,31723.088
8300596,2022-12-01,-0.3,85.6,32397.828
8300596,2023-01-01,-2.7,85.75,32829.93
8400601,2020-12-01,2.0,0.0,69.8225
8400601,2021-01-01,-1.0,0.26,75.404
8400601,2021-02-01,-2.5,1.15,141.7375
8400601,2021-03-01,-0.8,1.825,192.3125
8400601,2021-04-01,3.2,1.9,197.1125
8400601,2021-05-01,6.6,1.98,225.486
8400601,2021-06-01,12.8,8.125,260.85
8400601,2021-07-01,15.1,36.9,269.824
8400601,2021-08-01,17.2,64.05,276.4875
8400601,2021-09-01,14.1,72.825,296.88
8400601,2021-10-01,7.9,78.06,359.182
8400601,2021-11-01,5.9,82.75,385.5225
8400601,2021-12-01,-0.5,85.45,419.6525
8400601,2022-01-01,-2.2,85.94,2156.884
8400601,2022-02-01,-3.5,89.125,3967.605
8400601,2022-03-01,-1.6,90.55,6024.7974
8400601,2022-04-01,2.1,90.933334,8020.656
8400601,2022-05-01,6.1,91.15,8627.883
8400601,2022-06-01,11.1,91.3,8956.798
8400601,2022-07-01,17.5,91.4,9311.75
8400601,2022-08-01,18.9,91.5,9622.28
8400601,2022-09-01,14.5,91.5,9796.055
8400601,2022-10-01,11.1,91.6,9953.192
8400601,2022-11-01,3.1,91.7,10118.742
8400601,2022-12-01,1.1,91.8,10246.06
8400601,2023-01-01,-0.8,91.95,10336.673
8400812,2020-12-01,-0.2,0.0,69.8225
8400812,2021-01-01,-4.2,0.26,75.404
8400812,2021-02-01,-5.7,1.15,141.7375
8400812,2021-03-01,-4.8,1.825,192.3125
8400812,2021-04-01,3.9,1.9,197.1125
8400812,2021-05-01,7.1,1.98,225.486
8400812,2021-06-01,13.5,8.125,260.85
8400812,2021-07-01,14.6,36.9,269.824
8400812,2021-08-01,17.8,64.05,276.4875
8400812,2021-09-01,13.6,72.825,296.88
8400812,2021-10-01,7.7,78.06,359.182
8400812,2021-11-01,3.9,82.75,385.5225
8400812,2021-12-01,-3.1,85.45,419.6525
8400812,2022-01-01,-5.4,85.94,2156.884
8400812,2022-02-01,-6.7,89.125,3967.605
8400812,2022-03-01,-4.5,90.55,6024.7974
8400812,2022-04-01,1.4,90.933334,8020.656
8400812,2022-05-01,6.3,91.15,8627.883
8400812,2022-06-01,13.5,91.3,8956.798
8400812,2022-07-01,16.3,91.4,9311.75
8400812,2022-08-01,18.9,91.5,9622.28
8400812,2022-09-01,14.4,91.5,9796.055
8400812,2022-10-01,9.0,91.6,9953.192
8400812,2022-11-01,0.6,91.7,10118.742
8400812,2022-12-01,-3.4,91.8,10246.06
8400812,2023-01-01,-4.2,91.95,10336.673
8401295,2020-12-01,5.7,0.0,69.8225
8401295,2021-01-01,-3.4,0.26,75.404
8401295,2021-02-01,-5.7,1.15,141.7375
8401295,2021-03-01,-3.4,1.825,192.3125
8401295,2021-04-01,4.2,1.9,197.1125
8401295,2021-05-01,6.3,1.98,225.486
8401295,2021-06-01,13.7,8.125,260.85
8401295,2021-07-01,14.4,36.9,269.824
8401295,2021-08-01,16.9,64.05,276.4875
8401295,2021-09-01,12.6,72.825,296.88
8401295,2021-10-01,6.3,78.06,359.182
8401295,2021-11-01,3.8,82.75,385.5225
8401295,2021-12-01,-4.0,85.45,419.6525
8401295,2022-01-01,-6.6,85.94,2156.884
8401295,2022-02-01,-8.6,89.125,3967.605
8401295,2022-03-01,-4.3,90.55,6024.7974
8401295,2022-04-01,2.1,90.933334,8020.656
8401295,2022-05-01,6.4,91.15,8627.883
8401295,2022-06-01,13.9,91.3,8956.798
8401295,2022-07-01,16.3,91.4,9311.75
8401295,2022-08-01,18.0,91.5,9622.28
8401295,2022-09-01,12.6,91.5,9796.055
8401295,2022-10-01,8.3,91.6,9953.192
8401295,2022-11-01,-0.2,91.7,10118.742
8401295,2022-12-01,-2.8,91.8,10246.06
8401295,2023-01-01,-5.9,91.95,10336.673
8401298,2020-12-01,1.0,0.0,69.8225
8401298,2021-01-01,-2.4,0.26,75.404
8401298,2021-02-01,-4.8,1.15,141.7375
8401298,2021-03-01,-1.5,1.825,192.3125
8401298,2021-04-01,5.5,1.9,197.1125
8401298,2021-05-01,6.8,1.98,225.486
8401298,2021-06-01,15.5,8.125,260.85
8401298,2021-07-01,15.9,36.9,269.824
8401298,2021-08-01,18.6,64.05,276.4875
8401298,2021-09-01,14.1,72.825,296.88
8401298,2021-10-01,7.3,78.06,359.182
8401298,2021-11-01,4.9,82.75,385.5225
8401298,2021-12-01,-2.7,85.45,419.6525
8401298,2022-01-01,-5.3,85.94,2156.884
8401298,2022-02-01,-6.8,89.125,3967.605
8401298,2022-03-01,-3.5,90.55,6024.7974
8401298,2022-04-01,2.6,90.933334,8020.656
8401298,2022-05-01,6.9,91.15,8627.883
8401298,2022-06-01,14.2,91.3,8956.798
8401298,2022-07-01,17.4,91.4,9311.75
8401298,2022-08-01,18.5,91.5,9622.28
8401298,2022-09-01,13.8,91.5,9796.055
8401298,2022-10-01,9.8,91.6,9953.192
8401298,2022-11-01,1.1,91.7,10118.742
8401298,2022-12-01,-1.6,91.8,10246.06
8401298,2023-01-01,-3.6,91.95,10336.673
8401300,2020-12-01,1.5,0.0,69.8225
8401300,2021-01-01,-2.1,0.26,75.404
8401300,2021-02-01,-4.0,1.15,141.7375
8401300,2021-03-01,-1.7,1.825,192.3125
8401300,2021-04-01,5.9,1.9,197.1125
8401300,2021-05-01,7.8,1.98,225.486
8401300,2021-06-01,16.0,8.125,260.85
8401300,2021-07-01,16.5,36.9,269.824
8401300,2021-08-01,19.6,64.05,276.4875
8401300,2021-09-01,15.3,72.825,296.88
8401300,2021-10-01,8.4,78.06,359.182
8401300,2021-11-01,5.9,82.75,385.5225
8401300,2021-12-01,-1.6,85.45,419.6525
8401300,2022-01-01,-3.8,85.94,2156.884
8401300,2022-02-01,-5.4,89.125,3967.605
8401300,2022-03-01,-1.9,90.55,6024.7974
8401300,2022-04-01,4.0,90.933334,8020.656
8401300,2022-05-01,8.0,91.15,8627.883
8401300,2022-06-01,15.0,91.3,8956.798
8401300,2022-07-01,19.2,91.4,9311.75
8401300,2022-08-01,20.3,91.5,9622.28
8401300,2022-09-01,15.2,91.5,9796.055
8401300,2022-10-01,10.8,91.6,9953.192
8401300,2022-11-01,2.2,91.7,10118.742
8401300,2022-12-01,-0.5,91.8,10246.06
8401300,2023-01-01,-2.4,91.95,10336.673
